center_id,meal_id,num_orders
10,1062,949.9448275862069
10,1109,1528.8620689655172
10,1198,347.53793103448277
10,1207,215.49305555555554
10,1216,146.43356643356643
10,1230,158.78620689655173
10,1247,34.40163934426229
10,1248,225.86206896551724
10,1311,604.8689655172413
10,1438,70.98601398601399
10,1445,203.73103448275862
10,1525,612.1386861313869
10,1543,245.28275862068966
10,1558,238.44444444444446
10,1571,234.4268292682927
10,1727,1077.7586206896551
10,1754,907.8482758620689
10,1770,60.388888888888886
10,1778,660.3793103448276
10,1803,532.2344827586207
10,1847,37.622950819672134
10,1878,209.64827586206897
10,1885,1476.1793103448276
10,1902,76.56643356643356
10,1962,546.6068965517242
10,1971,594.1793103448276
10,1993,909.5310344827586
10,2104,193.26470588235293
10,2126,187.6993006993007
10,2139,120.48275862068965
10,2290,1910.2344827586207
10,2304,182.14788732394365
10,2306,186.2896551724138
10,2322,228.84137931034482
10,2444,193.0758620689655
10,2490,545.8130081300814
10,2492,185.84827586206896
10,2494,82.24647887323944
10,2539,694.351724137931
10,2569,638.453781512605
10,2577,290.99310344827586
10,2581,401.82758620689657
10,2631,320.5793103448276
10,2640,421.2413793103448
10,2664,828.296875
10,2704,420.30434782608694
10,2707,1383.6896551724137
10,2760,350.42758620689654
10,2826,918.0344827586207
10,2867,191.42758620689656
10,2956,284.7073170731707
11,1062,829.551724137931
11,1109,1073.7448275862068
11,1198,477.2986111111111
11,1207,174.20422535211267
11,1216,70.80434782608695
11,1230,193.32638888888889
11,1247,24.653465346534652
11,1248,132.28169014084506
11,1311,681.448275862069
11,1438,88.1418439716312
11,1445,153.17142857142858
11,1525,427.8905109489051
11,1543,81.4087591240876
11,1558,195.70833333333334
11,1571,107.32911392405063
11,1727,819.4689655172414
11,1754,877.1655172413793
11,1770,27.95145631067961
11,1778,720.4758620689655
11,1803,603.4206896551724
11,1847,56.059701492537314
11,1878,144.08965517241379
11,1885,1513.4275862068966
11,1902,29.47222222222222
11,1962,439.99310344827586
11,1971,721.5655172413793
11,1993,883.0896551724138
11,2126,81.15602836879432
11,2139,49.68115942028985
11,2290,1355.3517241379311
11,2304,87.29577464788733
11,2306,87.3206106870229
11,2322,296.95862068965516
11,2444,158.28776978417267
11,2490,716.188524590164
11,2492,60.80451127819549
11,2494,67.80851063829788
11,2539,643.303448275862
11,2569,334.01680672268907
11,2577,176.9142857142857
11,2581,231.82758620689654
11,2631,136.70138888888889
11,2640,271.4
11,2664,625.5593220338983
11,2704,284.27142857142854
11,2707,1242.848275862069
11,2760,246.26206896551724
11,2826,878.4275862068965
11,2867,119.77536231884058
11,2956,109.38271604938272
13,1062,1096.5862068965516
13,1109,1852.806896551724
13,1198,618.9103448275862
13,1207,144.47222222222223
13,1216,146.67832167832168
13,1230,151.87234042553192
13,1247,82.94366197183099
13,1248,196.625
13,1311,787.7724137931034
13,1438,218.84027777777777
13,1445,277.4689655172414
13,1525,743.9926470588235
13,1543,182.07638888888889
13,1558,226.72413793103448
13,1571,284.2530120481928
13,1727,1169.151724137931
13,1754,1021.1793103448276
13,1770,64.07638888888889
13,1778,779.5241379310345
13,1803,776.5379310344828
13,1847,165.65734265734267
13,1878,288.0551724137931
13,1885,2305.751724137931
13,1902,75.21527777777777
13,1962,719.0068965517241
13,1971,826.3793103448276
13,1993,1982.1172413793104
13,2104,148.61764705882354
13,2126,181.05109489051094
13,2139,103.33566433566433
13,2290,2204.6620689655174
13,2304,143.86896551724138
13,2306,160.09027777777777
13,2322,288.27777777777777
13,2444,293.7931034482759
13,2490,639.639344262295
13,2492,123.10416666666667
13,2494,170.70833333333334
13,2539,786.9862068965517
13,2569,558.7083333333334
13,2577,340.5103448275862
13,2581,385.57241379310346
13,2631,243.00689655172414
13,2640,422.9862068965517
13,2664,868.6171875
13,2704,601.9117647058823
13,2707,2061.551724137931
13,2760,601.2068965517242
13,2826,1337.144827586207
13,2867,256.3448275862069
13,2956,307.95180722891564
14,1062,286.97241379310344
14,1109,404.5103448275862
14,1198,218.75
14,1207,192.1818181818182
14,1216,35.70992366412214
14,1230,185.8732394366197
14,1247,22.89010989010989
14,1248,76.5
14,1311,194.02758620689656
14,1438,34.67619047619048
14,1445,92.8923076923077
14,1525,98.64963503649635
14,1543,46.903703703703705
14,1558,117.96402877697842
14,1571,37.04
14,1727,302.13793103448273
14,1754,352.93793103448274
14,1770,20.586206896551722
14,1778,269.151724137931
14,1803,280.33103448275864
14,1847,37.03061224489796
14,1878,58.30714285714286
14,1885,645.0344827586207
14,1902,19.366197183098592
14,1962,253.625
14,1971,330.49305555555554
14,1993,451.58620689655174
14,2126,34.75454545454546
14,2139,32.662921348314605
14,2290,525.9793103448276
14,2304,37.19047619047619
14,2306,34.38157894736842
14,2322,267.4551724137931
14,2444,97.3157894736842
14,2490,359.4710743801653
14,2492,32.14529914529915
14,2494,25.728813559322035
14,2539,333.90344827586205
14,2569,171.21311475409837
14,2577,36.99180327868852
14,2581,190.47916666666666
14,2631,79.56338028169014
14,2640,78.67857142857143
14,2664,214.70866141732284
14,2704,53.08888888888889
14,2707,547.1172413793104
14,2760,72.87323943661971
14,2826,372.17931034482757
14,2867,67.10227272727273
17,1062,363.2413793103448
17,1109,482.3862068965517
17,1198,180.24827586206897
17,1207,124.822695035461
17,1216,36.07874015748032
17,1230,121.23188405797102
17,1247,25.63963963963964
17,1248,61.722627737226276
17,1311,230.9241379310345
17,1438,33.41975308641975
17,1445,99.78014184397163
17,1525,160.09489051094891
17,1543,50.57037037037037
17,1558,102.22302158273381
17,1571,60.370370370370374
17,1727,346.11724137931037
17,1754,295.7448275862069
17,1770,22.36904761904762
17,1778,257.35172413793106
17,1803,249.28275862068966
17,1847,27.855263157894736
17,1878,91.77622377622377
17,1885,616.6827586206897
17,1902,22.08888888888889
17,1962,259.4375
17,1971,319.2916666666667
17,1993,410.86206896551727
17,2126,41.976
17,2139,28.128440366972477
17,2290,467.68275862068964
17,2304,56.392857142857146
17,2306,53.285714285714285
17,2322,174.67857142857142
17,2444,100.69924812030075
17,2490,244.3739837398374
17,2492,35.611111111111114
17,2494,29.2
17,2539,318.9347826086956
17,2569,194.9655172413793
17,2577,67.71428571428571
17,2581,146.33802816901408
17,2631,57.21897810218978
17,2640,149.70138888888889
17,2664,285.296875
17,2704,115.31884057971014
17,2707,522.2896551724137
17,2760,154.98620689655172
17,2826,363.5310344827586
17,2867,94.18181818181819
20,1062,338.26206896551724
20,1109,492.0689655172414
20,1198,196.21527777777777
20,1207,74.5
20,1216,41.3359375
20,1230,86.8473282442748
20,1247,25.36082474226804
20,1248,74.7925925925926
20,1311,230.53103448275863
20,1438,62.03703703703704
20,1445,99.75
20,1525,186.49264705882354
20,1543,55.404580152671755
20,1558,109.19014084507042
20,1571,65.44871794871794
20,1727,295.9862068965517
20,1754,396.3034482758621
20,1770,24.102040816326532
20,1778,285.37931034482756
20,1803,229.8551724137931
20,1847,42.741379310344826
20,1878,76.5
20,1885,778.9172413793103
20,1902,31.6
20,1962,274.9655172413793
20,1971,292.9310344827586
20,1993,478.68275862068964
20,2104,42.64
20,2126,58.457364341085274
20,2139,39.56349206349206
20,2290,643.0896551724138
20,2304,52.370370370370374
20,2306,56.31578947368421
20,2322,140.54609929078015
20,2444,101.03030303030303
20,2490,260.8347107438017
20,2492,48.723880597014926
20,2494,39.93798449612403
20,2539,339.4068965517241
20,2569,179.38524590163934
20,2577,95.59310344827587
20,2581,163.69230769230768
20,2631,86.96527777777777
20,2640,145.83448275862068
20,2664,260.2109375
20,2704,138.86231884057972
20,2707,608.0758620689655
20,2760,121.17241379310344
20,2826,400.44827586206895
20,2867,83.16923076923077
20,2956,61.63291139240506
23,1062,434.15862068965515
23,1109,723.8275862068965
23,1198,91.37956204379562
23,1207,220.55944055944056
23,1216,40.93893129770992
23,1230,178.3916083916084
23,1247,18.972972972972972
23,1248,73.03676470588235
23,1311,126.04929577464789
23,1438,136.98620689655172
23,1445,107.1015625
23,1525,117.57777777777778
23,1543,62.49640287769784
23,1558,134.7007299270073
23,1571,95.09756097560975
23,1727,469.3448275862069
23,1754,559.4551724137931
23,1770,19.93846153846154
23,1778,437.8965517241379
23,1803,96.43065693430657
23,1847,87.22058823529412
23,1878,79.975
23,1885,721.3724137931034
23,1902,20.30263157894737
23,1962,300.3724137931035
23,1971,468.1458333333333
23,1993,597.9862068965517
23,2126,37.547008547008545
23,2139,32.842592592592595
23,2290,809.7379310344828
23,2304,53.74242424242424
23,2306,39.48543689320388
23,2322,265.125
23,2444,113.19047619047619
23,2490,480.0894308943089
23,2492,36.67289719626168
23,2494,81.01481481481481
23,2539,205.78620689655173
23,2569,219.00840336134453
23,2577,66.52777777777777
23,2581,272.61805555555554
23,2631,86.42142857142858
23,2640,96.4
23,2664,338.6171875
23,2704,93.97037037037038
23,2707,901.0551724137931
23,2760,135.50344827586207
23,2826,639.696551724138
23,2867,59.026785714285715
23,2956,57.58974358974359
24,1062,737.3833333333333
24,1109,1016.8583333333333
24,1198,130.1590909090909
24,1207,203.91525423728814
24,1216,75.32758620689656
24,1230,148.1391304347826
24,1247,38.574074074074076
24,1248,234.0
24,1311,208.62037037037038
24,1438,157.05
24,1445,141.58823529411765
24,1525,426.625
24,1543,194.13333333333333
24,1558,181.66101694915255
24,1571,153.3780487804878
24,1727,608.1583333333333
24,1754,550.8487394957983
24,1770,55.06194690265487
24,1778,634.3916666666667
24,1803,199.0462962962963
24,1847,95.65
24,1878,199.61666666666667
24,1885,1335.1
24,1902,53.4051724137931
24,1962,443.375
24,1971,440.77777777777777
24,1993,1034.5583333333334
24,2126,150.5090909090909
24,2139,124.13333333333334
24,2290,1234.8333333333333
24,2304,134.60504201680672
24,2306,86.73684210526316
24,2322,225.3613445378151
24,2444,151.17757009345794
24,2490,352.80172413793105
24,2492,125.25
24,2494,137.31666666666666
24,2539,433.05
24,2569,541.1206896551724
24,2577,207.53333333333333
24,2581,325.5083333333333
24,2631,162.08620689655172
24,2640,264.98333333333335
24,2664,611.1217391304348
24,2704,358.9549549549549
24,2707,1093.675
24,2760,237.8
24,2826,711.4416666666667
24,2867,126.64423076923077
24,2956,130.76829268292684
26,1062,374.77241379310345
26,1109,276.44827586206895
26,1207,175.35172413793103
26,1216,42.369565217391305
26,1230,253.04827586206898
26,1247,18.65573770491803
26,1248,55.111111111111114
26,1445,48.160377358490564
26,1525,29.51086956521739
26,1543,44.28695652173913
26,1558,128.7
26,1727,234.53103448275863
26,1754,454.8
26,1770,17.38888888888889
26,1778,184.25694444444446
26,1878,64.05797101449275
26,1885,270.2758620689655
26,1902,17.09375
26,1962,123.20833333333333
26,1971,367.3776223776224
26,1993,339.0208333333333
26,2126,33.44642857142857
26,2139,26.470588235294116
26,2290,620.0689655172414
26,2304,38.07920792079208
26,2306,41.13095238095238
26,2322,229.42758620689656
26,2444,48.765625
26,2490,365.30833333333334
26,2492,44.96825396825397
26,2539,103.88732394366197
26,2569,346.6666666666667
26,2577,29.129032258064516
26,2581,148.0
26,2631,82.04861111111111
26,2640,54.84444444444444
26,2664,274.6171875
26,2704,46.8984375
26,2707,222.20689655172413
26,2760,51.04477611940298
26,2826,171.53793103448277
26,2867,38.470588235294116
27,1062,635.0896551724138
27,1109,973.5103448275862
27,1198,112.44202898550725
27,1207,205.09722222222223
27,1216,63.36690647482014
27,1230,152.6056338028169
27,1247,29.70754716981132
27,1248,88.76223776223776
27,1311,137.5734265734266
27,1438,205.78620689655173
27,1445,140.6267605633803
27,1525,270.5620437956204
27,1543,72.72857142857143
27,1558,178.125
27,1571,105.09876543209876
27,1727,558.8275862068965
27,1754,663.2206896551725
27,1770,29.18018018018018
27,1778,546.6551724137931
27,1803,152.95833333333334
27,1847,138.7793103448276
27,1878,116.46896551724137
27,1885,1820.1310344827587
27,1902,29.875
27,1962,383.55172413793105
27,1971,484.7241379310345
27,1993,1259.903448275862
27,2126,63.92307692307692
27,2139,50.78417266187051
27,2290,1129.7241379310344
27,2304,76.90140845070422
27,2306,61.73880597014925
27,2322,253.06896551724137
27,2444,123.90070921985816
27,2490,421.5528455284553
27,2492,59.34507042253521
27,2494,278.2551724137931
27,2539,335.17931034482757
27,2569,340.1333333333333
27,2577,134.3655172413793
27,2581,358.11034482758623
27,2631,104.37762237762237
27,2640,177.53103448275863
27,2664,391.79527559055117
27,2704,159.7910447761194
27,2707,1143.0137931034483
27,2760,142.39310344827587
27,2826,668.7379310344828
27,2867,86.44029850746269
27,2956,82.4875
29,1062,345.99310344827586
29,1109,316.31724137931036
29,1207,158.3006993006993
29,1216,58.48905109489051
29,1230,168.3913043478261
29,1247,19.844444444444445
29,1248,78.59712230215827
29,1445,45.75925925925926
29,1525,31.918367346938776
29,1543,90.8936170212766
29,1558,148.05555555555554
29,1571,30.4
29,1727,294.44827586206895
29,1754,921.8541666666666
29,1770,18.6
29,1778,146.27586206896552
29,1878,53.53623188405797
29,1885,252.83448275862068
29,1902,18.65625
29,1962,198.86206896551724
29,1971,646.048275862069
29,1993,222.39310344827587
29,2104,27.46551724137931
29,2126,55.0
29,2139,34.32520325203252
29,2290,856.1172413793104
29,2304,60.95238095238095
29,2306,42.44318181818182
29,2322,148.11267605633802
29,2444,48.270833333333336
29,2490,365.5508474576271
29,2492,59.17829457364341
29,2539,144.1103448275862
29,2569,494.84375
29,2577,34.05194805194805
29,2581,159.76388888888889
29,2631,126.00689655172414
29,2640,78.27586206896552
29,2664,410.5769230769231
29,2704,50.350746268656714
29,2707,241.8
29,2760,52.42962962962963
29,2826,268.88965517241377
29,2867,26.157894736842106
29,2956,19.26086956521739
30,1062,380.66896551724136
30,1109,614.6827586206897
30,1198,133.60714285714286
30,1207,147.53846153846155
30,1216,47.92805755395683
30,1230,156.44444444444446
30,1247,27.434782608695652
30,1248,67.82014388489209
30,1311,148.48936170212767
30,1438,60.135714285714286
30,1445,139.28057553956833
30,1525,288.66911764705884
30,1543,62.65909090909091
30,1558,180.97931034482758
30,1571,59.48051948051948
30,1727,493.1034482758621
30,1754,655.448275862069
30,1770,25.277227722772277
30,1778,353.6896551724138
30,1803,166.49305555555554
30,1847,62.64748201438849
30,1878,109.7448275862069
30,1885,1145.6689655172413
30,1902,25.514285714285716
30,1962,364.68275862068964
30,1971,545.9507042253521
30,1993,933.1103448275862
30,2126,51.416666666666664
30,2139,35.4622641509434
30,2290,821.303448275862
30,2304,49.83969465648855
30,2306,62.91596638655462
30,2322,264.4583333333333
30,2444,137.62962962962962
30,2490,514.9344262295082
30,2492,55.26548672566372
30,2494,41.698113207547166
30,2539,479.4758620689655
30,2569,276.2916666666667
30,2577,120.97857142857143
30,2581,242.17241379310346
30,2631,81.30434782608695
30,2640,215.4758620689655
30,2664,347.7734375
30,2704,158.92198581560282
30,2707,683.0827586206897
30,2760,155.75
30,2826,556.2965517241379
30,2867,93.02290076335878
30,2956,43.45
32,1062,296.07586206896553
32,1109,428.95862068965516
32,1207,155.67586206896553
32,1216,50.91240875912409
32,1230,179.6
32,1247,27.7
32,1248,89.96428571428571
32,1445,82.57142857142857
32,1525,84.56551724137931
32,1543,87.81294964028777
32,1558,197.60416666666666
32,1571,78.8
32,1727,323.6413793103448
32,1754,640.1793103448276
32,1770,24.522727272727273
32,1778,170.85416666666666
32,1878,125.55862068965517
32,1885,416.0827586206897
32,1902,20.582278481012658
32,1962,269.9448275862069
32,1971,535.9586206896552
32,1993,360.0344827586207
32,2104,78.55555555555556
32,2126,62.241134751773046
32,2139,43.21705426356589
32,2290,884.6206896551724
32,2304,53.92028985507246
32,2306,56.52
32,2322,179.95138888888889
32,2444,75.3030303030303
32,2490,235.84615384615384
32,2492,52.857142857142854
32,2539,140.3921568627451
32,2569,418.578125
32,2577,81.16312056737588
32,2581,247.39310344827587
32,2631,131.1818181818182
32,2640,168.57241379310344
32,2664,392.2348484848485
32,2704,141.73793103448276
32,2707,287.5241379310345
32,2760,73.36111111111111
32,2826,381.5310344827586
32,2867,54.78787878787879
32,2956,50.81481481481482
34,1062,232.75172413793103
34,1109,467.4413793103448
34,1207,61.81294964028777
34,1216,45.81395348837209
34,1230,65.23913043478261
34,1247,32.016949152542374
34,1248,48.40163934426229
34,1445,116.77083333333333
34,1525,153.20689655172413
34,1543,58.53731343283582
34,1558,149.93793103448274
34,1571,129.80232558139534
34,1727,330.37931034482756
34,1754,425.3241379310345
34,1770,21.632653061224488
34,1778,108.66206896551724
34,1878,223.44137931034481
34,1885,587.5379310344828
34,1902,21.764705882352942
34,1962,264.66896551724136
34,1971,358.7241379310345
34,1993,403.04137931034484
34,2104,106.76829268292683
34,2126,54.57971014492754
34,2139,33.47154471544715
34,2290,733.3172413793103
34,2304,36.225806451612904
34,2306,50.396946564885496
34,2322,107.8551724137931
34,2444,74.78260869565217
34,2490,137.58474576271186
34,2492,51.57575757575758
34,2539,222.9811320754717
34,2569,298.015625
34,2577,98.51748251748252
34,2581,185.70344827586206
34,2631,54.984962406015036
34,2640,256.11724137931037
34,2664,357.7
34,2704,329.21379310344827
34,2707,259.6758620689655
34,2760,152.8125
34,2826,470.86206896551727
34,2867,89.66428571428571
34,2956,134.39080459770116
36,1062,418.8
36,1109,740.4758620689655
36,1198,227.32413793103447
36,1207,105.08029197080292
36,1216,50.76470588235294
36,1230,98.06569343065694
36,1247,43.46456692913386
36,1248,69.84892086330935
36,1311,270.5103448275862
36,1438,85.14583333333333
36,1445,144.09655172413792
36,1525,384.69565217391306
36,1543,68.14074074074074
36,1558,137.2605633802817
36,1571,146.3012048192771
36,1727,446.3448275862069
36,1754,600.9241379310345
36,1770,22.306930693069308
36,1778,348.5586206896552
36,1803,286.1655172413793
36,1847,45.44166666666667
36,1878,187.73103448275862
36,1885,1109.5241379310344
36,1902,28.051724137931036
36,1962,404.0344827586207
36,1971,509.0344827586207
36,1993,858.1931034482759
36,2126,64.96428571428571
36,2139,39.14754098360656
36,2290,929.1034482758621
36,2304,64.70212765957447
36,2306,71.66929133858268
36,2322,175.87412587412587
36,2444,118.35384615384615
36,2490,357.0325203252033
36,2492,45.661417322834644
36,2494,85.00704225352112
36,2539,504.0344827586207
36,2569,295.3
36,2577,257.0827586206897
36,2581,192.6
36,2631,73.30656934306569
36,2640,306.7586206896552
36,2664,438.796875
36,2704,253.94160583941607
36,2707,804.4896551724138
36,2760,249.7448275862069
36,2826,697.255172413793
36,2867,113.97709923664122
36,2956,155.50602409638554
39,1062,307.4758620689655
39,1109,297.9862068965517
39,1207,135.87586206896552
39,1216,60.45255474452555
39,1230,176.84827586206896
39,1247,22.163265306122447
39,1248,147.431654676259
39,1445,47.49074074074074
39,1525,27.03669724770642
39,1543,114.84285714285714
39,1558,179.13194444444446
39,1571,23.105263157894736
39,1727,377.5448275862069
39,1754,930.6758620689656
39,1770,21.843373493975903
39,1778,135.2937062937063
39,1878,50.1764705882353
39,1885,248.3310344827586
39,1902,19.80821917808219
39,1962,240.50344827586207
39,1971,713.1793103448276
39,1993,291.49305555555554
39,2104,21.0
39,2126,55.03968253968254
39,2139,38.958333333333336
39,2290,812.7172413793104
39,2304,92.41304347826087
39,2306,46.38834951456311
39,2322,155.85
39,2444,52.00970873786408
39,2490,403.1779661016949
39,2492,72.94202898550725
39,2539,120.57943925233644
39,2569,761.9921875
39,2577,28.5
39,2581,186.65277777777777
39,2631,156.27464788732394
39,2640,72.06896551724138
39,2664,553.4580152671756
39,2704,51.47115384615385
39,2707,190.12413793103448
39,2760,29.794117647058822
39,2826,264.48275862068965
39,2867,29.5531914893617
39,2956,27.75
41,1062,115.34482758620689
41,1109,154.04137931034484
41,1198,44.91304347826087
41,1207,103.64925373134328
41,1216,28.37962962962963
41,1230,118.91111111111111
41,1247,17.714285714285715
41,1248,55.0
41,1311,55.875
41,1438,31.57894736842105
41,1445,29.75
41,1525,25.048387096774192
41,1543,60.154411764705884
41,1558,113.83941605839416
41,1727,159.86805555555554
41,1754,328.0344827586207
41,1770,13.666666666666666
41,1778,125.34507042253522
41,1803,52.8974358974359
41,1847,18.0625
41,1878,22.916666666666668
41,1885,101.38620689655173
41,1902,17.655172413793103
41,1962,164.67132867132867
41,1971,302.90972222222223
41,1993,115.84507042253522
41,2126,21.719101123595507
41,2139,30.88888888888889
41,2290,244.75862068965517
41,2304,34.62068965517241
41,2306,24.68918918918919
41,2322,113.85925925925926
41,2490,416.109243697479
41,2492,51.833333333333336
41,2539,51.28703703703704
41,2569,91.86666666666666
41,2577,27.26
41,2581,146.36170212765958
41,2631,65.76923076923077
41,2640,26.714285714285715
41,2664,200.9375
41,2704,26.0
41,2707,72.33571428571429
41,2760,29.75
41,2826,74.33333333333333
42,1062,294.2413793103448
42,1109,383.4206896551724
42,1207,72.00719424460432
42,1216,38.225806451612904
42,1230,103.00694444444444
42,1247,37.97540983606557
42,1248,64.86923076923077
42,1445,83.37984496124031
42,1525,104.92063492063492
42,1543,59.909774436090224
42,1558,101.04285714285714
42,1571,64.45
42,1727,254.69655172413792
42,1754,316.3034482758621
42,1770,23.88235294117647
42,1778,149.2206896551724
42,1878,275.53793103448277
42,1885,491.60689655172416
42,1902,23.776315789473685
42,1962,169.46896551724137
42,1971,299.72222222222223
42,1993,441.55172413793105
42,2104,59.24050632911393
42,2126,41.39393939393939
42,2139,25.2183908045977
42,2290,641.4206896551724
42,2304,51.74803149606299
42,2306,48.34126984126984
42,2322,90.54545454545455
42,2444,57.246153846153845
42,2490,169.78991596638656
42,2492,43.0
42,2539,152.75172413793103
42,2569,209.62698412698413
42,2577,142.37241379310345
42,2581,115.1418439716312
42,2631,63.52857142857143
42,2640,307.7931034482759
42,2664,285.51162790697674
42,2704,150.17777777777778
42,2707,259.9793103448276
42,2760,161.82517482517483
42,2826,330.0206896551724
42,2867,76.8796992481203
42,2956,76.5925925925926
43,1062,957.8896551724138
43,1109,1511.248275862069
43,1198,610.2620689655172
43,1207,238.21379310344827
43,1216,119.11428571428571
43,1230,258.7916666666667
43,1247,43.044117647058826
43,1248,262.8888888888889
43,1311,878.7379310344828
43,1438,131.83216783216784
43,1445,168.75177304964538
43,1525,454.93333333333334
43,1543,146.3146853146853
43,1558,306.2013888888889
43,1571,114.64197530864197
43,1727,1054.3724137931035
43,1754,1572.6413793103447
43,1770,40.496062992125985
43,1778,850.4344827586207
43,1803,794.751724137931
43,1847,116.90714285714286
43,1878,162.22916666666666
43,1885,1981.248275862069
43,1902,44.02205882352941
43,1962,642.9931034482759
43,1971,1411.6413793103447
43,1993,1493.0137931034483
43,2104,86.03448275862068
43,2126,119.9
43,2139,82.1970802919708
43,2290,2129.406896551724
43,2304,117.81560283687944
43,2306,96.57462686567165
43,2322,434.7902097902098
43,2444,186.55714285714285
43,2490,1272.9098360655737
43,2492,82.79577464788733
43,2494,156.86206896551724
43,2539,920.4965517241379
43,2569,607.4666666666667
43,2577,143.62758620689655
43,2581,360.6
43,2631,273.65034965034965
43,2640,371.3241379310345
43,2664,771.2890625
43,2704,305.1470588235294
43,2707,1335.0827586206897
43,2760,284.35172413793106
43,2826,963.8344827586207
43,2867,150.16551724137932
43,2956,95.28048780487805
50,1062,290.33103448275864
50,1109,455.57241379310346
50,1207,133.3793103448276
50,1216,54.06617647058823
50,1230,163.57241379310344
50,1247,42.73684210526316
50,1248,79.36879432624113
50,1445,107.72992700729927
50,1525,195.58646616541353
50,1543,58.05755395683453
50,1558,118.09722222222223
50,1571,81.81481481481481
50,1727,376.4344827586207
50,1754,406.21379310344827
50,1770,25.456521739130434
50,1778,197.4896551724138
50,1878,268.00689655172414
50,1885,740.1034482758621
50,1902,25.844036697247706
50,1962,220.2896551724138
50,1971,440.0
50,1993,745.6137931034483
50,2104,66.3896103896104
50,2126,51.93846153846154
50,2139,44.303703703703704
50,2290,793.6206896551724
50,2304,43.42063492063492
50,2306,48.8
50,2322,187.17241379310346
50,2444,103.52173913043478
50,2490,232.34453781512605
50,2492,42.984375
50,2539,239.64814814814815
50,2569,334.3937007874016
50,2577,160.80689655172415
50,2581,131.1448275862069
50,2631,89.83802816901408
50,2640,352.0206896551724
50,2664,459.23846153846154
50,2704,381.1603053435114
50,2707,363.21379310344827
50,2760,210.90344827586208
50,2826,411.4344827586207
50,2867,100.0223880597015
51,1062,578.1517241379311
51,1109,970.3310344827586
51,1198,117.04195804195804
51,1207,184.20422535211267
51,1216,76.59574468085107
51,1230,136.06474820143885
51,1247,32.96031746031746
51,1248,118.11888111888112
51,1311,175.95172413793102
51,1438,101.35862068965517
51,1445,131.68055555555554
51,1525,372.625
51,1543,86.10714285714286
51,1558,211.23776223776224
51,1571,90.825
51,1727,685.2965517241379
51,1754,782.096551724138
51,1770,36.131147540983605
51,1778,546.1793103448276
51,1803,194.91034482758621
51,1847,56.56716417910448
51,1878,120.37931034482759
51,1885,1202.0275862068966
51,1902,40.48091603053435
51,1962,467.33103448275864
51,1971,626.7103448275863
51,1993,904.0620689655173
51,2104,93.9
51,2126,64.34057971014492
51,2139,44.80769230769231
51,2290,1245.9310344827586
51,2304,77.57446808510639
51,2306,70.8688524590164
51,2322,255.08391608391608
51,2444,145.02877697841726
51,2490,674.9758064516129
51,2492,50.213235294117645
51,2494,90.84137931034483
51,2539,480.2206896551724
51,2569,326.8688524590164
51,2577,125.75862068965517
51,2581,307.0137931034483
51,2631,109.41134751773049
51,2640,179.73103448275862
51,2664,400.5546875
51,2704,193.0441176470588
51,2707,955.0206896551724
51,2760,162.55172413793105
51,2826,718.4620689655172
51,2867,93.17886178861788
51,2956,76.10958904109589
52,1062,869.5724137931035
52,1109,1294.3034482758621
52,1198,468.7586206896552
52,1207,164.92028985507247
52,1216,129.2340425531915
52,1230,163.62589928057554
52,1247,40.514925373134325
52,1248,196.91608391608392
52,1311,748.3655172413793
52,1438,95.70921985815603
52,1445,161.87412587412587
52,1525,475.20588235294116
52,1543,153.68055555555554
52,1558,227.5655172413793
52,1571,126.8170731707317
52,1727,834.6896551724138
52,1754,904.9172413793103
52,1770,46.36879432624114
52,1778,751.8965517241379
52,1803,671.7586206896551
52,1847,84.23239436619718
52,1878,162.1793103448276
52,1885,1613.3655172413794
52,1902,50.687943262411345
52,1962,500.64827586206894
52,1971,617.5833333333334
52,1993,963.0344827586207
52,2104,109.57575757575758
52,2126,130.36231884057972
52,2139,77.67625899280576
52,2290,1565.0689655172414
52,2304,135.01398601398603
52,2306,128.43795620437956
52,2322,260.8732394366197
52,2444,169.15972222222223
52,2490,600.7235772357724
52,2492,96.40287769784173
52,2494,112.10416666666667
52,2539,786.4965517241379
52,2569,530.7666666666667
52,2577,221.31034482758622
52,2581,326.7655172413793
52,2631,186.70344827586206
52,2640,310.151724137931
52,2664,684.3515625
52,2704,337.1021897810219
52,2707,1268.1655172413793
52,2760,362.37931034482756
52,2826,913.1862068965518
52,2867,156.64583333333334
52,2956,157.0843373493976
53,1062,305.6137931034483
53,1109,394.17241379310343
53,1198,170.0
53,1207,93.1037037037037
53,1216,34.116279069767444
53,1230,79.22627737226277
53,1247,27.061946902654867
53,1248,72.41726618705036
53,1311,170.83333333333334
53,1438,49.59836065573771
53,1445,74.828125
53,1525,123.56617647058823
53,1543,49.97080291970803
53,1558,86.78832116788321
53,1571,43.90277777777778
53,1727,297.02758620689656
53,1754,338.875
53,1770,19.256756756756758
53,1778,229.48275862068965
53,1803,205.82758620689654
53,1847,44.660714285714285
53,1878,68.19285714285714
53,1885,556.303448275862
53,1902,22.022222222222222
53,1962,224.77241379310345
53,1971,301.2083333333333
53,1993,507.3448275862069
53,2104,35.2
53,2126,34.64
53,2139,29.94495412844037
53,2290,557.7034482758621
53,2304,42.52272727272727
53,2306,41.138888888888886
53,2322,148.27272727272728
53,2444,89.27407407407408
53,2490,316.78688524590166
53,2492,39.46031746031746
53,2494,43.86046511627907
53,2539,296.27777777777777
53,2569,190.90983606557376
53,2577,94.85211267605634
53,2581,107.37857142857143
53,2631,86.62411347517731
53,2640,111.68531468531468
53,2664,245.00787401574803
53,2704,84.80985915492958
53,2707,507.951724137931
53,2760,83.3169014084507
53,2826,390.13793103448273
53,2867,53.60550458715596
53,2956,25.229508196721312
55,1062,268.35172413793106
55,1109,334.22222222222223
55,1198,103.38613861386139
55,1207,152.57746478873239
55,1216,22.291666666666668
55,1230,162.77142857142857
55,1247,16.954545454545453
55,1248,44.54838709677419
55,1311,134.87943262411346
55,1445,44.27272727272727
55,1525,34.1651376146789
55,1543,32.41509433962264
55,1558,105.0431654676259
55,1571,20.903846153846153
55,1727,409.3241379310345
55,1754,333.0827586206897
55,1770,15.19047619047619
55,1778,235.10344827586206
55,1803,136.1691176470588
55,1878,33.044444444444444
55,1885,230.32413793103447
55,1902,15.837837837837839
55,1962,160.58333333333334
55,1971,358.0206896551724
55,1993,246.97241379310344
55,2126,19.71641791044776
55,2139,21.792079207920793
55,2290,322.3103448275862
55,2304,24.265060240963855
55,2306,22.316666666666666
55,2322,188.00709219858157
55,2444,55.73684210526316
55,2490,404.6666666666667
55,2492,29.205128205128204
55,2539,190.55555555555554
55,2569,83.73684210526316
55,2577,21.076923076923077
55,2581,132.06338028169014
55,2631,55.58914728682171
55,2640,37.33
55,2664,268.008064516129
55,2704,32.33695652173913
55,2707,260.3034482758621
55,2760,38.19444444444444
55,2826,333.4513888888889
55,2867,44.7027027027027
55,2956,30.8125
57,1062,343.88275862068963
57,1109,177.0
57,1207,144.01298701298703
57,1216,28.504761904761907
57,1230,249.25352112676057
57,1247,16.147058823529413
57,1248,40.5
57,1445,45.4040404040404
57,1525,20.8125
57,1543,37.65289256198347
57,1558,163.20714285714286
57,1727,215.46206896551723
57,1754,433.7655172413793
57,1770,14.04
57,1778,148.7793103448276
57,1878,37.314516129032256
57,1885,156.05109489051094
57,1902,15.409090909090908
57,1962,169.56643356643357
57,1971,362.28472222222223
57,1993,155.40579710144928
57,2126,25.31313131313131
57,2139,22.698795180722893
57,2290,498.8551724137931
57,2304,38.05691056910569
57,2306,28.03174603174603
57,2322,225.58620689655172
57,2444,51.857142857142854
57,2490,420.42857142857144
57,2492,38.472727272727276
57,2539,105.4927536231884
57,2569,346.36507936507934
57,2577,21.285714285714285
57,2581,160.80689655172415
57,2631,48.553030303030305
57,2640,58.47445255474452
57,2664,311.3255813953488
57,2704,25.608695652173914
57,2707,195.5655172413793
57,2760,14.0
57,2826,155.64137931034483
57,2867,38.0
58,1062,429.78620689655173
58,1109,319.5310344827586
58,1207,221.7655172413793
58,1216,39.84375
58,1230,211.6689655172414
58,1247,17.390243902439025
58,1248,68.01418439716312
58,1445,51.19101123595506
58,1525,30.62
58,1543,53.45038167938932
58,1558,122.5985401459854
58,1571,25.862068965517242
58,1727,376.57241379310346
58,1754,571.0413793103448
58,1770,20.11111111111111
58,1778,198.17241379310346
58,1878,75.73611111111111
58,1885,237.30344827586208
58,1902,15.761904761904763
58,1962,120.39716312056737
58,1971,520.1517241379311
58,1993,211.71724137931034
58,2104,29.861538461538462
58,2126,35.26168224299065
58,2139,30.74137931034483
58,2290,646.1586206896552
58,2304,45.96212121212121
58,2306,38.57954545454545
58,2322,174.27586206896552
58,2444,58.01204819277108
58,2490,325.03333333333336
58,2492,39.390243902439025
58,2539,78.25531914893617
58,2569,595.3937007874016
58,2577,32.370370370370374
58,2581,150.44755244755245
58,2631,107.27083333333333
58,2640,80.7
58,2664,407.265625
58,2704,50.77777777777778
58,2707,251.46896551724137
58,2760,35.73076923076923
58,2826,226.46206896551723
58,2867,44.51960784313726
59,1062,496.70344827586206
59,1109,754.3586206896551
59,1198,194.608
59,1207,94.32352941176471
59,1216,49.5703125
59,1230,105.19285714285714
59,1247,34.0
59,1248,95.99259259259259
59,1311,317.8
59,1438,48.50735294117647
59,1445,122.7132867132867
59,1525,289.00735294117646
59,1543,76.3623188405797
59,1558,153.80555555555554
59,1571,74.11842105263158
59,1727,518.2413793103449
59,1754,530.2068965517242
59,1770,26.642857142857142
59,1778,365.4896551724138
59,1803,291.2413793103448
59,1847,37.50847457627118
59,1878,152.52777777777777
59,1885,1378.2827586206897
59,1902,30.776785714285715
59,1962,350.95862068965516
59,1971,431.7448275862069
59,1993,908.2206896551725
59,2126,58.90510948905109
59,2139,30.974789915966387
59,2290,1053.3793103448277
59,2304,57.24031007751938
59,2306,84.14173228346456
59,2322,167.11111111111111
59,2444,115.72262773722628
59,2490,334.7983870967742
59,2492,47.41129032258065
59,2494,46.6640625
59,2539,484.5103448275862
59,2569,296.39166666666665
59,2577,153.76388888888889
59,2581,186.15862068965518
59,2631,91.27857142857142
59,2640,240.20689655172413
59,2664,368.40625
59,2704,189.41176470588235
59,2707,850.0827586206897
59,2760,245.02758620689656
59,2826,517.351724137931
59,2867,111.93103448275862
59,2956,75.83132530120481
61,1062,312.7241379310345
61,1109,465.95862068965516
61,1207,97.97222222222223
61,1216,43.97826086956522
61,1230,114.60416666666667
61,1247,27.363636363636363
61,1248,66.80575539568345
61,1445,69.168
61,1525,126.17931034482758
61,1543,67.6231884057971
61,1558,151.27083333333334
61,1571,77.86904761904762
61,1727,333.8344827586207
61,1754,553.2413793103449
61,1770,28.88888888888889
61,1778,174.90344827586208
61,1878,230.1103448275862
61,1885,177.33793103448275
61,1902,24.77358490566038
61,1962,205.75172413793103
61,1971,460.07586206896553
61,1993,486.28275862068966
61,2104,58.397590361445786
61,2126,41.992248062015506
61,2139,40.111111111111114
61,2290,940.6206896551724
61,2304,41.61666666666667
61,2306,44.075471698113205
61,2322,102.46853146853147
61,2444,66.26495726495726
61,2490,270.28333333333336
61,2492,43.285714285714285
61,2539,255.73793103448276
61,2569,444.3622047244094
61,2577,107.8125
61,2581,160.15277777777777
61,2631,94.1958041958042
61,2640,302.50344827586207
61,2664,345.07751937984494
61,2704,197.51127819548873
61,2707,287.0137931034483
61,2760,127.33103448275862
61,2826,364.48275862068965
61,2867,65.08196721311475
61,2956,35.0
64,1062,527.8068965517241
64,1109,407.2413793103448
64,1207,171.5281690140845
64,1216,42.02173913043478
64,1230,157.03787878787878
64,1247,23.333333333333332
64,1248,46.256410256410255
64,1445,74.640625
64,1525,81.78620689655172
64,1543,56.59842519685039
64,1558,96.51063829787235
64,1571,60.8
64,1727,246.10344827586206
64,1754,333.53793103448277
64,1770,19.887323943661972
64,1778,201.82758620689654
64,1878,124.40277777777777
64,1885,380.46206896551723
64,1902,29.45945945945946
64,1962,100.43448275862069
64,1971,250.1875
64,1993,404.2551724137931
64,2104,63.2
64,2126,43.577235772357724
64,2139,44.5
64,2290,717.0896551724138
64,2304,35.72727272727273
64,2306,37.42424242424242
64,2322,132.04861111111111
64,2444,57.357142857142854
64,2490,189.09322033898306
64,2492,45.682539682539684
64,2539,189.64583333333334
64,2569,338.22222222222223
64,2577,61.81428571428572
64,2581,136.74825174825176
64,2631,66.62043795620438
64,2640,171.97222222222223
64,2664,309.1240310077519
64,2704,153.58620689655172
64,2707,271.4413793103448
64,2760,99.13793103448276
64,2826,225.5448275862069
64,2867,48.298507462686565
64,2956,55.6
65,1062,332.9310344827586
65,1109,587.696551724138
65,1207,184.7655172413793
65,1216,49.24817518248175
65,1230,220.12413793103448
65,1247,41.837037037037035
65,1248,76.11764705882354
65,1445,162.12413793103448
65,1525,162.5530303030303
65,1543,85.97122302158273
65,1558,206.26388888888889
65,1571,119.92857142857143
65,1727,404.60689655172416
65,1754,905.1310344827587
65,1770,26.411214953271028
65,1778,197.88275862068966
65,1878,430.6896551724138
65,1885,815.2068965517242
65,1902,28.047619047619047
65,1962,436.1241379310345
65,1971,842.9448275862069
65,1993,696.8827586206896
65,2104,81.6046511627907
65,2126,56.50349650349651
65,2139,40.29824561403509
65,2290,1310.1586206896552
65,2304,60.91111111111111
65,2306,57.18803418803419
65,2322,270.6275862068965
65,2444,131.94074074074075
65,2490,359.1779661016949
65,2492,61.53623188405797
65,2539,278.09655172413795
65,2569,417.9453125
65,2577,138.44444444444446
65,2581,249.6344827586207
65,2631,82.34532374100719
65,2640,506.6275862068965
65,2664,430.1666666666667
65,2704,251.35036496350364
65,2707,396.0827586206897
65,2760,206.5034965034965
65,2826,614.2758620689655
65,2867,120.99300699300699
65,2956,99.17441860465117
66,1062,381.9310344827586
66,1109,623.4344827586207
66,1207,188.04137931034484
66,1216,55.42446043165467
66,1230,176.2344827586207
66,1247,36.992248062015506
66,1248,80.17777777777778
66,1445,157.5241379310345
66,1525,97.02142857142857
66,1543,96.88489208633094
66,1558,160.81379310344826
66,1571,122.8452380952381
66,1727,369.7448275862069
66,1754,652.5310344827586
66,1770,32.35537190082645
66,1778,220.29655172413794
66,1878,347.5931034482759
66,1885,770.9793103448276
66,1902,28.418181818181818
66,1962,327.2206896551724
66,1971,561.8620689655172
66,1993,773.8275862068965
66,2104,81.10975609756098
66,2126,60.544117647058826
66,2139,47.36220472440945
66,2290,1031.3586206896553
66,2304,79.19565217391305
66,2306,54.422413793103445
66,2322,228.10344827586206
66,2444,120.30985915492958
66,2490,249.54700854700855
66,2492,60.21969696969697
66,2539,419.29655172413794
66,2569,361.8515625
66,2577,154.84027777777777
66,2581,261.8758620689655
66,2631,110.16666666666667
66,2640,375.6620689655172
66,2664,365.3358778625954
66,2704,172.71724137931034
66,2707,434.6137931034483
66,2760,167.83448275862068
66,2826,535.7310344827587
66,2867,103.51824817518248
66,2956,106.57142857142857
67,1062,571.6551724137931
67,1109,1014.0758620689655
67,1198,250.27358490566039
67,1207,110.09352517985612
67,1216,78.76595744680851
67,1230,137.52173913043478
67,1247,64.98611111111111
67,1248,98.19444444444444
67,1311,459.3034482758621
67,1438,132.68055555555554
67,1445,203.44827586206895
67,1525,491.55555555555554
67,1543,97.95104895104895
67,1558,201.01379310344828
67,1571,176.41333333333333
67,1727,699.7862068965517
67,1754,850.551724137931
67,1770,32.94615384615385
67,1778,535.7586206896551
67,1803,549.255172413793
67,1847,90.85
67,1878,272.86206896551727
67,1885,1865.806896551724
67,1902,50.25352112676056
67,1962,615.7103448275863
67,1971,817.6689655172414
67,1993,1235.103448275862
67,2104,92.8076923076923
67,2126,103.0072463768116
67,2139,56.8768115942029
67,2290,1327.751724137931
67,2304,80.65248226950355
67,2306,97.12213740458016
67,2322,245.68085106382978
67,2444,193.18620689655174
67,2490,566.4098360655738
67,2492,62.97761194029851
67,2494,85.82857142857142
67,2539,800.4965517241379
67,2569,424.9754098360656
67,2577,256.02758620689656
67,2581,238.2896551724138
67,2631,108.33333333333333
67,2640,411.37931034482756
67,2664,514.609375
67,2704,346.2962962962963
67,2707,1080.7931034482758
67,2760,279.73793103448276
67,2826,794.2137931034483
67,2867,178.0979020979021
67,2956,184.1139240506329
68,1062,269.151724137931
68,1109,491.90344827586205
68,1207,85.38620689655173
68,1216,40.669117647058826
68,1230,89.80555555555556
68,1247,36.94166666666667
68,1248,53.5859375
68,1445,89.40140845070422
68,1525,118.28971962616822
68,1543,77.28148148148148
68,1558,113.39310344827587
68,1571,86.11904761904762
68,1727,297.8
68,1754,510.33103448275864
68,1770,22.792079207920793
68,1778,125.24137931034483
68,1878,255.33793103448275
68,1885,407.041958041958
68,1902,23.87912087912088
68,1962,228.0
68,1971,463.3241379310345
68,1993,439.95862068965516
68,2104,58.107142857142854
68,2126,63.262773722627735
68,2139,38.296
68,2290,756.5931034482759
68,2304,55.00757575757576
68,2306,55.26724137931034
68,2322,101.99305555555556
68,2444,66.26515151515152
68,2490,175.96491228070175
68,2492,63.94117647058823
68,2539,221.58333333333334
68,2569,234.2734375
68,2577,145.3310344827586
68,2581,159.97931034482758
68,2631,78.83687943262412
68,2640,268.8344827586207
68,2664,283.2290076335878
68,2704,140.03472222222223
68,2707,266.8344827586207
68,2760,156.2206896551724
68,2826,388.02758620689656
68,2867,67.98540145985402
68,2956,97.31168831168831
72,1062,451.3103448275862
72,1109,579.303448275862
72,1198,83.09848484848484
72,1207,192.7304964539007
72,1216,45.41538461538462
72,1230,206.72142857142856
72,1247,19.705882352941178
72,1248,64.78169014084507
72,1311,113.6044776119403
72,1438,56.69767441860465
72,1445,93.71653543307086
72,1525,84.25714285714285
72,1543,36.20909090909091
72,1558,180.38732394366198
72,1571,40.049180327868854
72,1727,507.7310344827586
72,1754,652.3862068965517
72,1770,20.526315789473685
72,1778,377.36551724137934
72,1803,166.39583333333334
72,1847,51.86507936507937
72,1878,56.83969465648855
72,1885,831.0413793103448
72,1902,21.055555555555557
72,1962,315.9172413793103
72,1971,567.3103448275862
72,1993,643.5448275862069
72,2126,33.46
72,2139,22.324675324675326
72,2290,703.1448275862069
72,2304,27.36111111111111
72,2306,41.642201834862384
72,2322,248.45138888888889
72,2444,89.288
72,2490,650.2622950819672
72,2492,37.38392857142857
72,2494,44.61764705882353
72,2539,305.17931034482757
72,2569,266.06779661016947
72,2577,58.75539568345324
72,2581,269.46478873239437
72,2631,62.68840579710145
72,2640,76.9568345323741
72,2664,415.4921875
72,2704,46.13953488372093
72,2707,694.6275862068966
72,2760,76.78985507246377
72,2826,599.4620689655172
72,2867,66.80392156862744
72,2956,20.114285714285714
73,1062,262.00689655172414
73,1109,357.4758620689655
73,1207,137.4344827586207
73,1216,44.11194029850746
73,1230,122.11194029850746
73,1247,28.02
73,1248,66.92307692307692
73,1445,79.83703703703704
73,1525,79.4639175257732
73,1543,96.21830985915493
73,1558,171.23076923076923
73,1727,229.64827586206897
73,1754,591.048275862069
73,1770,22.471910112359552
73,1778,115.53793103448275
73,1878,122.49645390070921
73,1885,385.0827586206897
73,1902,23.606060606060606
73,1962,219.4
73,1971,548.6551724137931
73,1993,316.151724137931
73,2126,57.54545454545455
73,2139,34.984375
73,2290,805.8896551724138
73,2304,69.14492753623189
73,2306,48.528301886792455
73,2322,166.94482758620688
73,2444,77.45161290322581
73,2490,240.1864406779661
73,2492,69.23913043478261
73,2539,149.7793103448276
73,2569,426.4296875
73,2577,66.85611510791367
73,2581,219.16666666666666
73,2631,88.63503649635037
73,2640,164.13103448275862
73,2664,336.4166666666667
73,2704,114.08490566037736
73,2707,154.70344827586206
73,2760,96.56115107913669
73,2826,234.04166666666666
73,2867,74.03157894736842
74,1062,238.02068965517242
74,1109,204.64137931034483
74,1207,147.006993006993
74,1216,25.043956043956044
74,1230,134.61805555555554
74,1247,15.78125
74,1248,53.81967213114754
74,1445,59.491379310344826
74,1525,28.571428571428573
74,1543,30.60952380952381
74,1558,126.65734265734265
74,1571,29.761904761904763
74,1727,163.08965517241379
74,1754,273.0
74,1770,22.571428571428573
74,1778,106.34027777777777
74,1878,85.56834532374101
74,1885,248.11724137931034
74,1902,21.29090909090909
74,1962,179.42758620689656
74,1971,237.6551724137931
74,1993,231.7793103448276
74,2104,26.627118644067796
74,2126,30.5188679245283
74,2139,27.044642857142858
74,2290,440.07586206896553
74,2304,30.632653061224488
74,2306,34.623655913978496
74,2322,128.9788732394366
74,2444,52.31481481481482
74,2490,130.24576271186442
74,2492,33.76470588235294
74,2539,77.48571428571428
74,2569,220.9765625
74,2577,54.56296296296296
74,2581,163.0979020979021
74,2631,67.57446808510639
74,2640,115.79861111111111
74,2664,276.6641221374046
74,2704,35.21052631578947
74,2707,207.84827586206896
74,2760,37.214285714285715
74,2826,182.68055555555554
74,2867,32.4392523364486
74,2956,43.64705882352941
75,1062,659.2896551724137
75,1109,795.303448275862
75,1207,167.9655172413793
75,1216,83.125
75,1230,148.44137931034481
75,1247,39.80672268907563
75,1248,146.68965517241378
75,1445,131.15
75,1525,199.3359375
75,1543,106.76470588235294
75,1558,157.24305555555554
75,1571,164.7941176470588
75,1727,495.53793103448277
75,1754,490.8758620689655
75,1770,42.213740458015266
75,1778,258.80689655172415
75,1878,345.86206896551727
75,1885,481.6267605633803
75,1902,43.10791366906475
75,1962,310.0551724137931
75,1971,364.88275862068963
75,1993,458.35172413793106
75,2104,137.4848484848485
75,2126,121.65034965034965
75,2139,73.76923076923077
75,2290,1295.558620689655
75,2304,110.65492957746478
75,2306,92.10071942446044
75,2322,131.94444444444446
75,2444,106.41958041958041
75,2490,260.06722689075633
75,2492,118.70138888888889
75,2539,299.0206896551724
75,2569,450.37007874015745
75,2577,239.1851851851852
75,2581,296.0344827586207
75,2631,173.71830985915494
75,2640,468.1862068965517
75,2664,624.5390625
75,2704,301.4318181818182
75,2707,400.3034482758621
75,2760,183.48611111111111
75,2826,462.33103448275864
75,2867,99.05
75,2956,125.4054054054054
76,1062,355.37931034482756
76,1109,503.6413793103448
76,1198,99.34586466165413
76,1207,102.6376811594203
76,1216,52.0
76,1230,79.45038167938931
76,1247,21.246153846153845
76,1248,69.65765765765765
76,1311,168.70138888888889
76,1438,103.36111111111111
76,1445,84.48760330578513
76,1525,183.1764705882353
76,1543,88.61428571428571
76,1558,106.95138888888889
76,1727,317.50344827586207
76,1754,289.4551724137931
76,1770,29.263636363636362
76,1778,328.5448275862069
76,1803,155.9718309859155
76,1847,54.721804511278194
76,1878,80.75
76,1885,660.9103448275862
76,1902,26.68867924528302
76,1962,229.3655172413793
76,1971,207.09655172413792
76,1993,360.1862068965517
76,2126,72.984375
76,2139,40.10236220472441
76,2290,616.096551724138
76,2304,66.42105263157895
76,2306,42.096774193548384
76,2322,125.1056338028169
76,2444,84.79245283018868
76,2490,186.8099173553719
76,2492,90.05
76,2494,114.82758620689656
76,2539,226.06428571428572
76,2569,160.09016393442624
76,2577,90.25352112676056
76,2581,224.020979020979
76,2631,85.4895104895105
76,2640,114.32394366197182
76,2664,196.6015625
76,2704,120.59420289855072
76,2707,522.3888888888889
76,2760,119.66666666666667
76,2826,370.9172413793103
76,2867,64.2051282051282
77,1062,202.93103448275863
77,1109,178.33793103448275
77,1207,92.37588652482269
77,1216,31.593406593406595
77,1230,104.88028169014085
77,1247,22.377777777777776
77,1248,61.717557251908396
77,1445,64.27272727272727
77,1525,29.268817204301076
77,1543,51.89393939393939
77,1558,100.90714285714286
77,1571,28.08108108108108
77,1727,215.95172413793102
77,1754,590.096551724138
77,1770,19.870967741935484
77,1778,129.78620689655173
77,1878,71.02097902097903
77,1885,346.6413793103448
77,1902,19.59259259259259
77,1962,148.08965517241379
77,1971,524.8620689655172
77,1993,352.5931034482759
77,2126,40.99130434782609
77,2139,30.213675213675213
77,2290,563.4413793103448
77,2304,42.642276422764226
77,2306,32.31578947368421
77,2322,112.0909090909091
77,2444,46.934065934065934
77,2490,229.84745762711864
77,2492,45.58267716535433
77,2539,168.5121951219512
77,2569,378.484126984127
77,2577,23.157894736842106
77,2581,108.86206896551724
77,2631,99.44055944055944
77,2640,81.46153846153847
77,2664,288.72093023255815
77,2704,45.53508771929825
77,2707,151.37241379310345
77,2760,51.111111111111114
77,2826,215.44137931034481
77,2867,41.31428571428572
80,1062,414.8137931034483
80,1109,560.8068965517241
80,1198,101.41843971631205
80,1207,165.74468085106383
80,1216,37.58015267175573
80,1230,181.3357142857143
80,1247,21.88235294117647
80,1248,101.65942028985508
80,1311,127.12676056338029
80,1438,59.71641791044776
80,1445,89.44628099173553
80,1525,115.29787234042553
80,1543,41.30434782608695
80,1558,174.68571428571428
80,1571,27.418181818181818
80,1727,598.9586206896552
80,1754,774.1724137931035
80,1770,20.092307692307692
80,1778,346.39310344827584
80,1803,133.5655172413793
80,1847,73.83582089552239
80,1878,57.248062015503876
80,1885,838.5724137931035
80,1902,18.258064516129032
80,1962,307.1310344827586
80,1971,722.8263888888889
80,1993,753.9862068965517
80,2104,35.59090909090909
80,2126,33.21487603305785
80,2139,28.67924528301887
80,2290,737.7379310344828
80,2304,38.712
80,2306,41.97196261682243
80,2322,224.44366197183098
80,2444,107.42622950819673
80,2490,777.7685950413223
80,2492,33.34862385321101
80,2494,55.64885496183206
80,2539,392.8689655172414
80,2569,447.69166666666666
80,2577,49.15748031496063
80,2581,269.1188811188811
80,2631,101.06617647058823
80,2640,77.0
80,2664,576.8828125
80,2704,59.25
80,2707,646.8275862068965
80,2760,82.9103448275862
80,2826,653.5862068965517
80,2867,56.264150943396224
80,2956,22.903846153846153
81,1062,279.6413793103448
81,1109,387.39310344827584
81,1207,157.13103448275862
81,1216,51.43478260869565
81,1230,156.90845070422534
81,1247,23.57281553398058
81,1248,62.0
81,1445,72.0709219858156
81,1525,97.95652173913044
81,1543,79.1094890510949
81,1558,123.2482269503546
81,1571,54.023809523809526
81,1727,278.3724137931035
81,1754,505.9103448275862
81,1770,27.785046728971963
81,1778,176.75172413793103
81,1878,99.22758620689655
81,1885,425.3862068965517
81,1902,30.446601941747574
81,1962,221.5241379310345
81,1971,419.77241379310345
81,1993,458.02758620689656
81,2104,52.111111111111114
81,2126,56.277372262773724
81,2139,41.36434108527132
81,2290,763.6896551724138
81,2304,64.6015037593985
81,2306,50.166666666666664
81,2322,192.4758620689655
81,2444,78.76422764227642
81,2490,274.51724137931035
81,2492,59.0
81,2539,292.71724137931034
81,2569,316.2109375
81,2577,65.5036496350365
81,2581,188.55862068965519
81,2631,110.73103448275862
81,2640,125.375
81,2664,281.7519379844961
81,2704,156.51492537313433
81,2707,286.9448275862069
81,2760,94.45774647887323
81,2826,338.2206896551724
81,2867,59.032786885245905
83,1062,512.4689655172414
83,1109,490.4206896551724
83,1207,236.08275862068965
83,1216,48.86029411764706
83,1230,255.7655172413793
83,1247,40.484848484848484
83,1248,96.13571428571429
83,1445,111.73611111111111
83,1525,121.97931034482758
83,1543,67.1970802919708
83,1558,157.2551724137931
83,1571,65.70422535211267
83,1727,405.4758620689655
83,1754,632.9931034482759
83,1770,23.537634408602152
83,1778,250.39310344827587
83,1878,277.7448275862069
83,1885,791.6827586206897
83,1902,26.36283185840708
83,1962,229.21379310344827
83,1971,565.6551724137931
83,1993,841.1793103448276
83,2104,58.61333333333334
83,2126,60.44444444444444
83,2139,39.798449612403104
83,2290,1011.9586206896552
83,2304,56.964285714285715
83,2306,52.03252032520325
83,2322,194.09655172413792
83,2444,92.01398601398601
83,2490,388.3833333333333
83,2492,54.104838709677416
83,2539,241.77241379310345
83,2569,435.6456692913386
83,2577,96.07638888888889
83,2581,207.87586206896552
83,2631,102.65517241379311
83,2640,307.951724137931
83,2664,543.4108527131783
83,2704,248.6551724137931
83,2707,411.42758620689654
83,2760,131.60689655172413
83,2826,426.37931034482756
83,2867,87.97183098591549
83,2956,71.77631578947368
86,1062,559.3241379310344
86,1109,603.6689655172414
86,1198,32.473684210526315
86,1207,226.19014084507043
86,1216,44.762962962962966
86,1230,196.2836879432624
86,1247,16.225806451612904
86,1248,81.25531914893617
86,1311,32.15384615384615
86,1438,86.51724137931035
86,1445,52.86
86,1525,56.039370078740156
86,1543,71.96527777777777
86,1558,255.32394366197184
86,1571,23.375
86,1727,529.7862068965517
86,1754,1452.3172413793104
86,1770,20.406593406593405
86,1778,380.58620689655174
86,1803,40.65384615384615
86,1847,74.81818181818181
86,1878,49.66086956521739
86,1885,461.5448275862069
86,1902,18.735849056603772
86,1962,440.57241379310346
86,1971,1039.0620689655173
86,1993,401.17931034482757
86,2126,32.06422018348624
86,2139,34.743589743589745
86,2290,1005.4551724137931
86,2304,54.86466165413534
86,2306,28.419753086419753
86,2322,194.28169014084506
86,2444,74.04098360655738
86,2490,936.0487804878048
86,2492,49.52755905511811
86,2494,54.74825174825175
86,2539,156.68965517241378
86,2569,299.7118644067797
86,2577,40.024
86,2581,503.37931034482756
86,2631,82.94244604316546
86,2640,66.32846715328468
86,2664,510.6640625
86,2704,44.7593984962406
86,2707,344.0827586206897
86,2760,56.08270676691729
86,2826,436.5448275862069
86,2867,48.40625
86,2956,18.38095238095238
88,1062,278.71724137931034
88,1109,317.4689655172414
88,1207,177.24475524475525
88,1216,49.47328244274809
88,1230,186.45138888888889
88,1247,24.651162790697676
88,1248,112.91428571428571
88,1445,52.267857142857146
88,1525,50.64705882352941
88,1543,82.78873239436619
88,1558,117.6923076923077
88,1571,30.15625
88,1727,228.40689655172415
88,1754,655.0714285714286
88,1770,20.647058823529413
88,1778,127.74125874125875
88,1878,81.52777777777777
88,1885,284.50344827586207
88,1902,17.86842105263158
88,1962,188.82638888888889
88,1971,619.8620689655172
88,1993,220.15972222222223
88,2104,26.442622950819672
88,2126,56.223021582733814
88,2139,38.70796460176991
88,2290,834.1034482758621
88,2304,62.71212121212121
88,2306,48.0
88,2322,160.5103448275862
88,2444,59.83783783783784
88,2490,234.9406779661017
88,2492,55.26119402985075
88,2539,123.33928571428571
88,2569,506.2421875
88,2577,40.792792792792795
88,2581,176.93793103448274
88,2631,139.90972222222223
88,2640,91.68275862068965
88,2664,348.45454545454544
88,2704,74.2781954887218
88,2707,160.26206896551724
88,2760,60.62686567164179
88,2826,179.75862068965517
88,2867,46.5
88,2956,22.125
89,1062,544.7379310344828
89,1109,733.551724137931
89,1198,250.16551724137932
89,1207,229.25714285714287
89,1216,68.70714285714286
89,1230,209.6865671641791
89,1247,25.947916666666668
89,1248,97.9140625
89,1311,278.88275862068963
89,1438,85.99270072992701
89,1445,130.44285714285715
89,1525,187.34057971014494
89,1543,62.57142857142857
89,1558,260.0
89,1571,85.46666666666667
89,1727,536.2620689655172
89,1754,554.096551724138
89,1770,26.41860465116279
89,1778,424.2689655172414
89,1803,332.75172413793103
89,1847,82.14179104477611
89,1878,97.72463768115942
89,1885,968.4344827586207
89,1902,31.25925925925926
89,1962,499.95862068965516
89,1971,497.1655172413793
89,1993,645.5862068965517
89,2104,74.41935483870968
89,2126,58.67669172932331
89,2139,37.530434782608694
89,2290,1017.9655172413793
89,2304,51.07692307692308
89,2306,71.7741935483871
89,2322,280.53237410071944
89,2444,133.27272727272728
89,2490,489.3008130081301
89,2492,48.4
89,2494,91.80689655172414
89,2539,413.50344827586207
89,2569,287.4117647058824
89,2577,89.25547445255475
89,2581,346.82068965517243
89,2631,92.3986013986014
89,2640,133.57931034482758
89,2664,395.9375
89,2704,112.2992700729927
89,2707,906.7931034482758
89,2760,140.8551724137931
89,2826,676.9103448275862
89,2867,93.3030303030303
89,2956,71.06756756756756
91,1062,106.83216783216783
91,1109,100.90140845070422
91,1198,49.285714285714285
91,1207,132.87857142857143
91,1216,18.4
91,1230,141.92307692307693
91,1248,37.80165289256198
91,1311,49.10344827586207
91,1438,15.333333333333334
91,1445,52.90721649484536
91,1525,17.0
91,1543,18.163636363636364
91,1558,157.41353383458647
91,1727,117.51748251748252
91,1754,333.2689655172414
91,1778,101.0979020979021
91,1803,33.3125
91,1878,23.181818181818183
91,1885,63.62222222222222
91,1962,196.96527777777777
91,1971,231.75
91,1993,79.82068965517242
91,2126,16.98
91,2290,162.3846153846154
91,2304,15.32
91,2322,176.4855072463768
91,2444,33.1578947368421
91,2490,390.0
91,2494,14.5
91,2539,36.99082568807339
91,2569,97.4
91,2581,175.17361111111111
91,2631,30.130434782608695
91,2640,21.285714285714285
91,2664,269.578313253012
91,2704,18.166666666666668
91,2707,73.17857142857143
91,2760,30.6
91,2826,60.56944444444444
92,1062,285.60689655172416
92,1109,220.79310344827587
92,1207,152.08275862068965
92,1216,49.1328125
92,1230,179.97826086956522
92,1247,15.333333333333334
92,1248,87.97101449275362
92,1445,41.626666666666665
92,1525,21.944444444444443
92,1543,76.0774647887324
92,1558,136.70212765957447
92,1727,260.80689655172415
92,1754,828.903448275862
92,1770,18.761904761904763
92,1778,125.0551724137931
92,1878,39.57983193277311
92,1885,123.576
92,1902,17.22222222222222
92,1962,146.96503496503496
92,1971,603.5931034482759
92,1993,137.1103448275862
92,2126,37.097345132743364
92,2139,26.040816326530614
92,2290,701.6068965517242
92,2304,72.9290780141844
92,2306,31.12857142857143
92,2322,135.21678321678323
92,2444,34.15492957746479
92,2490,348.2542372881356
92,2492,55.900826446280995
92,2539,105.0909090909091
92,2569,464.8046875
92,2577,14.333333333333334
92,2581,141.60416666666666
92,2631,115.43055555555556
92,2640,35.77049180327869
92,2664,431.224
92,2704,24.641975308641975
92,2707,127.20138888888889
92,2760,26.946666666666665
92,2826,167.50344827586207
92,2867,22.25
93,1062,320.13793103448273
93,1109,410.2689655172414
93,1207,190.97241379310344
93,1216,53.06617647058823
93,1230,188.24137931034483
93,1247,21.771084337349397
93,1248,70.38129496402878
93,1445,87.7175572519084
93,1525,41.66990291262136
93,1543,59.284671532846716
93,1558,201.20689655172413
93,1571,76.54878048780488
93,1727,295.6413793103448
93,1754,574.2965517241379
93,1770,19.40506329113924
93,1778,181.8896551724138
93,1878,161.5655172413793
93,1885,450.17931034482757
93,1902,17.88135593220339
93,1962,286.60689655172416
93,1971,474.3379310344828
93,1993,317.5416666666667
93,2104,62.42857142857143
93,2126,53.12056737588652
93,2139,39.84126984126984
93,2290,701.5172413793103
93,2304,42.50757575757576
93,2306,50.166666666666664
93,2322,189.61379310344827
93,2444,80.73770491803279
93,2490,259.54237288135596
93,2492,59.6865671641791
93,2539,143.43055555555554
93,2569,316.046875
93,2577,58.978873239436616
93,2581,264.57241379310346
93,2631,95.20833333333333
93,2640,211.24827586206897
93,2664,281.4166666666667
93,2704,91.2
93,2707,264.0896551724138
93,2760,73.71223021582733
93,2826,394.13793103448273
93,2867,39.785714285714285
93,2956,58.770270270270274
94,1062,255.1793103448276
94,1109,267.99310344827586
94,1207,245.57931034482758
94,1216,42.053030303030305
94,1230,204.0
94,1247,19.246575342465754
94,1248,64.11111111111111
94,1445,82.37404580152672
94,1525,40.1037037037037
94,1543,51.983050847457626
94,1558,149.22916666666666
94,1571,30.2
94,1727,230.20689655172413
94,1754,453.0827586206897
94,1770,17.718309859154928
94,1778,142.32413793103447
94,1878,54.611510791366904
94,1885,428.0896551724138
94,1902,17.46511627906977
94,1962,196.2551724137931
94,1971,353.6758620689655
94,1993,310.0137931034483
94,2126,28.291666666666668
94,2139,28.727272727272727
94,2290,622.9103448275862
94,2304,38.2991452991453
94,2306,37.23529411764706
94,2322,234.27586206896552
94,2444,73.05376344086021
94,2490,259.26271186440675
94,2492,45.19672131147541
94,2539,137.02727272727273
94,2569,368.4375
94,2577,41.49333333333333
94,2581,194.48275862068965
94,2631,75.2867132867133
94,2640,67.33093525179856
94,2664,273.1085271317829
94,2704,62.42335766423358
94,2707,234.7103448275862
94,2760,46.900763358778626
94,2826,276.7241379310345
94,2867,37.76712328767123
97,1062,461.86206896551727
97,1109,684.6689655172414
97,1207,191.08275862068965
97,1216,48.45
97,1230,273.4344827586207
97,1247,33.768595041322314
97,1248,74.87050359712231
97,1445,185.64827586206897
97,1525,155.33823529411765
97,1543,83.93382352941177
97,1558,234.21379310344827
97,1571,140.6219512195122
97,1727,423.0344827586207
97,1754,714.8275862068965
97,1770,29.733333333333334
97,1778,242.40689655172415
97,1878,279.0551724137931
97,1885,748.1379310344828
97,1902,26.4
97,1962,374.5241379310345
97,1971,740.0275862068966
97,1993,722.0
97,2104,126.25
97,2126,59.08695652173913
97,2139,40.08730158730159
97,2290,1270.6206896551723
97,2304,57.06153846153846
97,2306,58.815384615384616
97,2322,285.22758620689655
97,2444,136.56338028169014
97,2490,474.47058823529414
97,2492,57.53787878787879
97,2539,337.0689655172414
97,2569,517.8110236220473
97,2577,115.38620689655173
97,2581,223.49655172413793
97,2631,104.65734265734265
97,2640,301.84137931034485
97,2664,480.0769230769231
97,2704,213.95419847328245
97,2707,437.5655172413793
97,2760,198.22916666666666
97,2826,542.5241379310345
97,2867,138.13103448275862
97,2956,211.66666666666666
99,1062,632.751724137931
99,1109,826.5724137931035
99,1198,125.93939393939394
99,1207,289.3586206896552
99,1216,53.29323308270677
99,1230,290.59859154929575
99,1247,24.71
99,1248,86.22857142857143
99,1311,64.72413793103448
99,1438,67.81428571428572
99,1445,151.23021582733813
99,1525,258.7241379310345
99,1543,67.98561151079137
99,1558,272.16783216783216
99,1571,77.20731707317073
99,1727,655.2413793103449
99,1754,701.551724137931
99,1770,26.5
99,1778,574.1724137931035
99,1803,71.51851851851852
99,1847,42.43333333333333
99,1878,68.02857142857142
99,1885,1129.7724137931034
99,1902,25.961904761904762
99,1962,407.64827586206894
99,1971,574.6
99,1993,829.8344827586207
99,2126,50.4
99,2139,41.86259541984733
99,2290,1121.8137931034482
99,2304,55.294117647058826
99,2306,52.755319148936174
99,2322,373.3958333333333
99,2444,149.007299270073
99,2490,596.4590163934427
99,2492,47.0
99,2494,68.66911764705883
99,2539,526.7241379310345
99,2569,356.6890756302521
99,2577,117.23448275862069
99,2581,303.99310344827586
99,2631,96.98581560283688
99,2640,96.80985915492958
99,2664,360.6484375
99,2704,121.79166666666667
99,2707,1187.441379310345
99,2760,121.95588235294117
99,2826,750.2275862068966
99,2867,75.62962962962963
99,2956,62.9078947368421
101,1062,419.50344827586207
101,1109,547.7241379310345
101,1198,99.66666666666667
101,1207,361.6137931034483
101,1216,27.221238938053098
101,1230,270.6013986013986
101,1247,21.32758620689655
101,1248,62.74074074074074
101,1311,123.92537313432835
101,1438,84.98601398601399
101,1445,100.80172413793103
101,1525,55.14705882352941
101,1543,51.30434782608695
101,1558,228.9090909090909
101,1571,14.0
101,1727,491.99310344827586
101,1754,488.82758620689657
101,1770,21.126984126984127
101,1778,388.64827586206894
101,1803,155.02238805970148
101,1847,82.13286713286713
101,1878,58.52173913043478
101,1885,565.1655172413793
101,1902,19.62121212121212
101,1962,319.29655172413794
101,1971,479.2413793103448
101,1993,432.3862068965517
101,2126,37.71666666666667
101,2139,30.02803738317757
101,2290,537.9241379310345
101,2304,41.738461538461536
101,2306,31.597701149425287
101,2322,334.61267605633805
101,2444,117.91666666666667
101,2490,550.360655737705
101,2492,32.95652173913044
101,2494,103.98601398601399
101,2539,286.951724137931
101,2569,309.275
101,2577,54.073170731707314
101,2581,422.75172413793103
101,2631,80.94366197183099
101,2640,81.1470588235294
101,2664,495.2578125
101,2704,40.34146341463415
101,2707,600.7103448275863
101,2760,73.31851851851852
101,2826,607.0896551724138
101,2867,69.84415584415585
102,1062,323.5310344827586
102,1109,268.3586206896552
102,1207,199.45138888888889
102,1216,26.235294117647058
102,1230,235.41379310344828
102,1247,19.774193548387096
102,1248,44.84375
102,1445,72.86111111111111
102,1525,37.21238938053097
102,1543,38.0
102,1558,116.95620437956204
102,1727,290.9448275862069
102,1754,428.7931034482759
102,1770,16.173076923076923
102,1778,185.3310344827586
102,1878,52.043795620437955
102,1885,412.7931034482759
102,1902,17.5
102,1962,132.5177304964539
102,1971,382.7655172413793
102,1993,521.4
102,2126,29.826923076923077
102,2139,22.3125
102,2290,552.6206896551724
102,2304,27.782608695652176
102,2306,34.0
102,2322,224.41666666666666
102,2444,60.55
102,2490,295.1764705882353
102,2492,32.97959183673469
102,2539,125.50694444444444
102,2569,443.8031496062992
102,2577,18.875
102,2581,132.43055555555554
102,2631,57.90298507462686
102,2640,74.97916666666667
102,2664,301.0232558139535
102,2704,53.33582089552239
102,2707,252.7103448275862
102,2760,43.51260504201681
102,2826,207.70344827586206
102,2867,48.06666666666667
104,1062,669.5793103448276
104,1109,829.3103448275862
104,1198,475.7931034482759
104,1207,224.58041958041957
104,1216,58.266666666666666
104,1230,213.07692307692307
104,1247,23.0
104,1248,120.1726618705036
104,1311,457.21379310344827
104,1438,49.007462686567166
104,1445,148.53237410071944
104,1525,215.31386861313868
104,1543,67.97080291970804
104,1558,192.49305555555554
104,1571,84.82278481012658
104,1727,741.4965517241379
104,1754,831.9448275862069
104,1770,24.988235294117647
104,1778,617.5586206896552
104,1803,453.2551724137931
104,1847,44.54838709677419
104,1878,108.02097902097903
104,1885,1377.4344827586208
104,1902,23.011904761904763
104,1962,380.36551724137934
104,1971,772.7083333333334
104,1993,1159.3310344827587
104,2126,72.02962962962962
104,2139,41.80434782608695
104,2290,1096.9724137931034
104,2304,58.39007092198582
104,2306,58.57272727272727
104,2322,352.2068965517241
104,2444,137.63768115942028
104,2490,745.3170731707318
104,2492,51.25547445255474
104,2494,53.83606557377049
104,2539,517.7172413793104
104,2569,244.7377049180328
104,2577,70.34285714285714
104,2581,233.07638888888889
104,2631,140.1875
104,2640,155.02777777777777
104,2664,509.9758064516129
104,2704,155.67142857142858
104,2707,1086.4689655172415
104,2760,143.8881118881119
104,2826,720.255172413793
104,2867,101.13669064748201
104,2956,68.49367088607595
106,1062,292.53793103448277
106,1109,383.46206896551723
106,1207,388.26206896551724
106,1216,37.05785123966942
106,1230,372.1655172413793
106,1247,28.64
106,1248,44.27131782945737
106,1445,122.20567375886525
106,1525,75.6953125
106,1543,54.6328125
106,1558,172.3846153846154
106,1571,77.12790697674419
106,1727,274.0551724137931
106,1754,527.648275862069
106,1770,23.126436781609197
106,1778,180.5655172413793
106,1878,158.2551724137931
106,1885,664.4206896551724
106,1902,18.907692307692308
106,1962,261.77241379310345
106,1971,481.7931034482759
106,1993,640.8758620689655
106,2104,70.8529411764706
106,2126,39.556451612903224
106,2139,33.898305084745765
106,2290,777.8620689655172
106,2304,39.285714285714285
106,2306,45.96
106,2322,437.66896551724136
106,2444,78.49056603773585
106,2490,253.6864406779661
106,2492,44.83720930232558
106,2539,220.2551724137931
106,2569,301.359375
106,2577,66.76595744680851
106,2581,208.31034482758622
106,2631,66.44604316546763
106,2640,177.33793103448275
106,2664,364.76335877862596
106,2704,131.171875
106,2707,316.951724137931
106,2760,127.82068965517242
106,2826,489.048275862069
106,2867,75.84761904761905
106,2956,46.08571428571429
108,1062,440.51724137931035
108,1109,891.0413793103448
108,1198,208.78169014084506
108,1207,104.15714285714286
108,1216,75.53237410071942
108,1230,99.60283687943263
108,1247,42.57462686567164
108,1248,86.96350364963503
108,1311,286.51724137931035
108,1438,81.75
108,1445,180.97916666666666
108,1525,431.7730496453901
108,1543,87.8951048951049
108,1558,125.96551724137932
108,1571,128.7710843373494
108,1727,626.8068965517241
108,1754,694.8068965517241
108,1770,31.56198347107438
108,1778,434.3724137931035
108,1803,263.8541666666667
108,1847,51.49618320610687
108,1878,202.42758620689656
108,1885,1358.2206896551725
108,1902,45.82222222222222
108,1962,404.88275862068963
108,1971,562.4
108,1993,941.0344827586207
108,2126,103.1970802919708
108,2139,46.580882352941174
108,2290,1219.8344827586207
108,2304,74.71631205673759
108,2306,95.96350364963503
108,2322,176.41666666666666
108,2444,127.34545454545454
108,2490,363.45081967213116
108,2492,86.0774647887324
108,2494,73.88321167883211
108,2539,565.0758620689655
108,2569,387.58196721311475
108,2577,253.95862068965516
108,2581,186.73103448275862
108,2631,118.82394366197182
108,2640,310.88965517241377
108,2664,504.109375
108,2704,344.60714285714283
108,2707,936.2620689655172
108,2760,248.27586206896552
108,2826,685.9310344827586
108,2867,137.78504672897196
108,2956,118.36144578313252
109,1062,416.11034482758623
109,1109,601.4068965517241
109,1198,187.24657534246575
109,1207,184.11805555555554
109,1216,60.407407407407405
109,1230,174.0281690140845
109,1247,28.01801801801802
109,1248,69.81751824817518
109,1311,402.1448275862069
109,1438,44.656716417910445
109,1445,163.5142857142857
109,1525,204.48529411764707
109,1543,65.97122302158273
109,1558,163.86713286713288
109,1727,405.0551724137931
109,1754,470.0
109,1770,25.49
109,1778,364.44827586206895
109,1803,415.64827586206894
109,1847,31.054545454545455
109,1878,103.97241379310344
109,1885,895.5034482758621
109,1902,23.511627906976745
109,1962,332.6758620689655
109,1971,419.74305555555554
109,1993,752.8620689655172
109,2126,52.81884057971015
109,2139,37.123893805309734
109,2290,772.6413793103449
109,2304,59.1865671641791
109,2306,59.024193548387096
109,2322,267.1448275862069
109,2444,153.68367346938774
109,2490,377.88524590163934
109,2492,49.613138686131386
109,2494,32.65979381443299
109,2539,275.16911764705884
109,2569,234.21848739495798
109,2577,87.01398601398601
109,2581,238.15862068965518
109,2631,93.04929577464789
109,2640,158.50344827586207
109,2664,291.65625
109,2704,133.13571428571427
109,2707,738.1241379310345
109,2760,156.5531914893617
109,2826,560.7724137931034
109,2867,99.26666666666667
110,1062,437.24827586206897
110,1109,411.73793103448276
110,1207,295.42758620689654
110,1216,42.33582089552239
110,1230,354.5241379310345
110,1247,33.19491525423729
110,1248,64.97080291970804
110,1445,116.96350364963503
110,1525,91.54098360655738
110,1543,57.71641791044776
110,1558,177.54545454545453
110,1571,73.2156862745098
110,1727,353.1655172413793
110,1754,589.9931034482759
110,1770,22.61627906976744
110,1778,247.5241379310345
110,1878,193.4
110,1885,627.7862068965517
110,1902,24.833333333333332
110,1962,271.7931034482759
110,1971,573.7103448275863
110,1993,633.9448275862069
110,2104,56.46808510638298
110,2126,61.15107913669065
110,2139,36.774436090225564
110,2290,931.8482758620689
110,2304,43.91869918699187
110,2306,46.932203389830505
110,2322,363.15862068965515
110,2444,102.3125
110,2490,416.35
110,2492,49.95522388059702
110,2539,185.20689655172413
110,2569,354.33858267716533
110,2577,48.724409448818896
110,2581,225.55172413793105
110,2631,89.24285714285715
110,2640,259.3586206896552
110,2664,322.5426356589147
110,2704,131.86013986013987
110,2707,428.2068965517241
110,2760,84.06862745098039
110,2826,405.0206896551724
110,2867,75.87951807228916
110,2956,56.70454545454545
113,1062,526.9931034482759
113,1109,365.11034482758623
113,1207,162.96875
113,1216,51.583333333333336
113,1230,196.86524822695034
113,1247,19.32857142857143
113,1248,109.9645390070922
113,1445,39.54368932038835
113,1525,25.613861386138613
113,1543,97.38571428571429
113,1558,215.020979020979
113,1571,17.866666666666667
113,1727,380.17241379310343
113,1754,1076.7103448275861
113,1770,20.514285714285716
113,1778,274.9655172413793
113,1878,54.43703703703704
113,1885,262.82758620689657
113,1902,20.304347826086957
113,1962,236.60689655172413
113,1971,761.9379310344827
113,1993,236.72413793103448
113,2104,23.125
113,2126,52.3609022556391
113,2139,40.69291338582677
113,2290,1051.248275862069
113,2304,62.276923076923076
113,2306,38.48275862068966
113,2322,224.09154929577466
113,2444,56.8
113,2490,679.7542372881356
113,2492,66.82222222222222
113,2539,136.53472222222223
113,2569,505.46456692913387
113,2577,22.083333333333332
113,2581,212.11111111111111
113,2631,139.7655172413793
113,2640,73.87943262411348
113,2664,405.515625
113,2704,65.94326241134752
113,2707,284.2896551724138
113,2760,34.36290322580645
113,2826,223.4344827586207
113,2867,44.77777777777778
124,1062,363.62068965517244
124,1109,464.6137931034483
124,1198,123.92857142857143
124,1207,251.6
124,1216,26.243243243243242
124,1230,301.986013986014
124,1247,18.0
124,1248,87.13571428571429
124,1311,116.1376811594203
124,1438,24.83582089552239
124,1445,76.53508771929825
124,1525,68.42424242424242
124,1543,44.404580152671755
124,1558,202.53103448275863
124,1571,30.153846153846153
124,1727,501.11724137931037
124,1754,788.351724137931
124,1770,20.225352112676056
124,1778,361.1655172413793
124,1803,139.46043165467626
124,1847,29.973684210526315
124,1878,47.892561983471076
124,1885,553.9172413793103
124,1902,21.967741935483872
124,1962,344.8965517241379
124,1971,787.8275862068965
124,1993,546.6344827586207
124,2104,36.8
124,2126,28.482456140350877
124,2139,25.893203883495147
124,2290,672.4413793103448
124,2304,32.69747899159664
124,2306,34.63513513513514
124,2322,349.7535211267606
124,2444,79.2905982905983
124,2490,892.219512195122
124,2492,39.151785714285715
124,2494,21.03614457831325
124,2539,244.24137931034483
124,2569,407.1393442622951
124,2577,31.513513513513512
124,2581,236.02777777777777
124,2631,98.24647887323944
124,2640,59.1953125
124,2664,577.6875
124,2704,39.376068376068375
124,2707,353.39310344827584
124,2760,62.66115702479339
124,2826,379.8965517241379
124,2867,63.48695652173913
124,2956,28.76923076923077
126,1062,472.95862068965516
126,1109,582.096551724138
126,1198,411.7586206896552
126,1207,122.81118881118881
126,1216,43.6412213740458
126,1230,133.48936170212767
126,1247,24.201923076923077
126,1248,60.91729323308271
126,1311,510.29655172413794
126,1438,41.838235294117645
126,1445,135.30827067669173
126,1525,119.67132867132867
126,1543,63.306569343065696
126,1558,161.95862068965516
126,1571,67.58974358974359
126,1727,449.2551724137931
126,1754,727.3379310344827
126,1770,20.692307692307693
126,1778,503.53793103448277
126,1803,437.2206896551724
126,1847,35.888888888888886
126,1878,108.0979020979021
126,1885,877.1448275862069
126,1902,19.135135135135137
126,1962,371.60689655172416
126,1971,617.7013888888889
126,1993,737.3793103448276
126,2126,51.734375
126,2139,35.3
126,2290,810.5379310344828
126,2304,44.12213740458015
126,2306,56.88181818181818
126,2322,253.3916083916084
126,2444,121.97674418604652
126,2490,596.5853658536586
126,2492,42.586776859504134
126,2494,27.557692307692307
126,2539,547.8413793103448
126,2569,253.975
126,2577,83.26277372262774
126,2581,180.12587412587413
126,2631,72.9
126,2640,158.5
126,2664,355.390625
126,2704,120.62222222222222
126,2707,825.5655172413793
126,2760,154.61379310344827
126,2826,489.7448275862069
126,2867,93.72868217054264
126,2956,51.96153846153846
129,1062,312.60689655172416
129,1109,390.73793103448276
129,1207,111.44827586206897
129,1216,38.0
129,1230,119.03448275862068
129,1247,33.707317073170735
129,1248,59.148148148148145
129,1445,80.73333333333333
129,1525,86.98601398601399
129,1543,56.08661417322835
129,1558,110.31468531468532
129,1571,69.17073170731707
129,1727,276.68275862068964
129,1754,422.36551724137934
129,1770,25.46153846153846
129,1778,174.97241379310344
129,1878,172.13103448275862
129,1885,666.0413793103448
129,1902,28.04597701149425
129,1962,173.20689655172413
129,1971,413.82758620689657
129,1993,575.2344827586207
129,2104,56.0
129,2126,43.58955223880597
129,2139,33.57377049180328
129,2290,703.4551724137931
129,2304,39.84251968503937
129,2306,43.92857142857143
129,2322,117.75172413793103
129,2444,74.2396694214876
129,2490,232.88333333333333
129,2492,45.32142857142857
129,2539,240.83448275862068
129,2569,235.68503937007873
129,2577,62.16129032258065
129,2581,127.79166666666667
129,2631,74.3731343283582
129,2640,178.1549295774648
129,2664,261.53076923076924
129,2704,152.84827586206896
129,2707,298.2689655172414
129,2760,109.35172413793103
129,2826,335.9655172413793
129,2867,67.41322314049587
129,2956,53.93827160493827
132,1062,539.9379310344827
132,1109,755.7379310344828
132,1198,208.552
132,1207,152.13669064748203
132,1216,49.455882352941174
132,1230,150.0
132,1247,40.27777777777778
132,1248,75.44202898550725
132,1311,208.6338028169014
132,1438,64.94160583941606
132,1445,140.17482517482517
132,1525,333.3916083916084
132,1543,57.401408450704224
132,1558,158.15384615384616
132,1571,89.64556962025317
132,1727,492.5586206896552
132,1754,610.0344827586207
132,1770,27.152380952380952
132,1778,432.00689655172414
132,1803,242.75524475524475
132,1847,60.11450381679389
132,1878,137.6689655172414
132,1885,1372.510344827586
132,1902,31.736
132,1962,431.0896551724138
132,1971,522.9652777777778
132,1993,1034.7103448275861
132,2126,61.70802919708029
132,2139,33.1271186440678
132,2290,960.5586206896552
132,2304,52.715384615384615
132,2306,80.9779411764706
132,2322,256.42758620689654
132,2444,120.45588235294117
132,2490,505.26229508196724
132,2492,43.85925925925926
132,2494,68.38129496402878
132,2539,438.4551724137931
132,2569,227.8803418803419
132,2577,142.91724137931035
132,2581,231.00689655172414
132,2631,75.12857142857143
132,2640,210.62758620689655
132,2664,352.34375
132,2704,242.58450704225353
132,2707,948.4068965517241
132,2760,179.54861111111111
132,2826,653.3655172413793
132,2867,105.74264705882354
132,2956,95.675
137,1062,759.2344827586207
137,1109,1354.1103448275862
137,1198,433.8
137,1207,149.31428571428572
137,1216,138.04255319148936
137,1230,154.47916666666666
137,1247,39.25190839694657
137,1248,166.04195804195805
137,1311,618.4068965517241
137,1438,88.79861111111111
137,1445,140.993006993007
137,1525,580.1323529411765
137,1543,116.20689655172414
137,1558,145.71527777777777
137,1571,120.32098765432099
137,1727,859.9103448275862
137,1754,971.8896551724138
137,1770,38.453125
137,1778,595.2206896551725
137,1803,498.6965517241379
137,1847,55.12844036697248
137,1878,201.08391608391608
137,1885,1826.8758620689655
137,1902,40.61764705882353
137,1962,471.5931034482759
137,1971,857.303448275862
137,1993,1555.896551724138
137,2104,76.16129032258064
137,2126,118.3986013986014
137,2139,59.597122302158276
137,2290,1692.5931034482758
137,2304,113.25694444444444
137,2306,91.09701492537313
137,2322,320.8344827586207
137,2444,149.7608695652174
137,2490,651.2540983606557
137,2492,76.03521126760563
137,2494,117.47183098591549
137,2539,933.351724137931
137,2569,444.43333333333334
137,2577,189.75172413793103
137,2581,221.88275862068966
137,2631,179.05594405594405
137,2640,429.86206896551727
137,2664,520.359375
137,2704,333.06617647058823
137,2707,1096.2551724137932
137,2760,291.99310344827586
137,2826,843.6275862068966
137,2867,119.03649635036497
137,2956,103.76829268292683
139,1062,238.4
139,1109,160.28472222222223
139,1207,117.48591549295774
139,1216,28.724137931034484
139,1230,135.47222222222223
139,1247,15.688888888888888
139,1248,40.285714285714285
139,1445,42.30337078651685
139,1525,17.0
139,1543,43.83870967741935
139,1558,109.34532374100719
139,1571,29.636363636363637
139,1727,205.09655172413792
139,1754,504.68275862068964
139,1770,15.045454545454545
139,1778,129.37241379310345
139,1878,33.957264957264954
139,1885,193.1103448275862
139,1902,16.08695652173913
139,1962,152.02836879432624
139,1971,403.7448275862069
139,1993,273.17241379310343
139,2104,20.166666666666668
139,2126,33.96190476190476
139,2139,23.647058823529413
139,2290,433.0344827586207
139,2304,35.279661016949156
139,2306,25.46153846153846
139,2322,134.36428571428573
139,2444,39.87234042553192
139,2490,345.6101694915254
139,2492,31.792792792792792
139,2539,60.865671641791046
139,2569,474.0866141732283
139,2577,13.666666666666666
139,2581,126.3943661971831
139,2631,49.60740740740741
139,2640,50.46610169491525
139,2664,402.63358778625957
139,2704,33.66
139,2707,141.4055944055944
139,2760,24.8125
139,2826,166.59310344827585
139,2867,21.428571428571427
143,1062,152.2
143,1109,404.2758620689655
143,1207,69.0923076923077
143,1216,43.890625
143,1230,80.01418439716312
143,1247,46.666666666666664
143,1248,55.294117647058826
143,1445,93.74285714285715
143,1525,136.68345323741008
143,1543,64.25373134328358
143,1558,104.34965034965035
143,1571,79.48148148148148
143,1727,279.5793103448276
143,1754,468.06206896551726
143,1770,21.626666666666665
143,1778,98.67361111111111
143,1878,232.31724137931033
143,1885,383.97241379310344
143,1902,24.45744680851064
143,1962,183.1103448275862
143,1971,402.0344827586207
143,1993,413.8137931034483
143,2104,56.0
143,2126,58.94776119402985
143,2139,33.94308943089431
143,2290,761.7586206896551
143,2304,50.215384615384615
143,2306,62.02290076335878
143,2322,84.84444444444445
143,2444,61.932203389830505
143,2490,221.48739495798318
143,2492,49.142857142857146
143,2539,153.95138888888889
143,2569,281.515873015873
143,2577,167.39310344827587
143,2581,125.73793103448276
143,2631,73.1304347826087
143,2640,309.15862068965515
143,2664,304.5968992248062
143,2704,164.75
143,2707,189.26896551724138
143,2760,145.57931034482758
143,2826,357.09655172413795
143,2867,73.86330935251799
143,2956,78.02439024390245
145,1062,489.53793103448277
145,1109,497.7655172413793
145,1207,309.82068965517243
145,1216,44.87596899224806
145,1230,344.82068965517243
145,1247,23.17391304347826
145,1248,81.62857142857143
145,1445,113.20143884892086
145,1525,149.13953488372093
145,1543,61.744360902255636
145,1558,197.05517241379312
145,1571,42.0
145,1727,414.17931034482757
145,1754,466.9862068965517
145,1770,26.710743801652892
145,1778,256.68275862068964
145,1878,178.13888888888889
145,1885,514.6413793103449
145,1902,26.91
145,1962,241.64827586206897
145,1971,439.66896551724136
145,1993,567.5793103448276
145,2104,68.0
145,2126,62.2992700729927
145,2139,47.12307692307692
145,2290,840.8344827586207
145,2304,45.57258064516129
145,2306,60.142857142857146
145,2322,310.63448275862066
145,2444,111.00757575757575
145,2490,312.025
145,2492,48.81147540983606
145,2539,298.3379310344828
145,2569,472.92913385826773
145,2577,66.27972027972028
145,2581,288.6137931034483
145,2631,103.38297872340425
145,2640,198.27586206896552
145,2664,411.37984496124034
145,2704,219.58778625954199
145,2707,466.6
145,2760,114.53472222222223
145,2826,384.048275862069
145,2867,94.42962962962963
146,1062,538.0
146,1109,942.2758620689655
146,1207,121.97241379310344
146,1216,110.0
146,1230,77.8
146,1247,53.55
146,1248,155.11805555555554
146,1445,109.86524822695036
146,1525,223.9241379310345
146,1543,201.14084507042253
146,1558,153.8551724137931
146,1571,130.64705882352942
146,1727,585.3724137931034
146,1754,763.3172413793103
146,1770,48.44755244755245
146,1778,191.26896551724138
146,1878,472.5655172413793
146,1885,476.3611111111111
146,1902,62.86013986013986
146,1962,250.93793103448274
146,1971,506.0551724137931
146,1993,476.53793103448277
146,2104,119.97647058823529
146,2126,125.65714285714286
146,2139,66.01398601398601
146,2290,1334.489655172414
146,2304,163.43055555555554
146,2306,97.66412213740458
146,2322,98.35664335664336
146,2444,107.19858156028369
146,2490,239.33050847457628
146,2492,139.83448275862068
146,2539,301.37931034482756
146,2569,445.5625
146,2577,293.1241379310345
146,2581,223.64137931034483
146,2631,177.7762237762238
146,2640,449.44827586206895
146,2664,633.7424242424242
146,2704,345.3034482758621
146,2707,450.3241379310345
146,2760,240.73793103448276
146,2826,623.3448275862069
146,2867,99.58865248226951
146,2956,165.8421052631579
149,1062,291.0689655172414
149,1109,247.13103448275862
149,1207,125.0701754385965
149,1216,31.504273504273506
149,1230,126.69655172413793
149,1247,16.641509433962263
149,1248,48.90384615384615
149,1445,43.355555555555554
149,1525,34.49074074074074
149,1543,40.72222222222222
149,1558,85.12949640287769
149,1727,178.6551724137931
149,1754,222.18620689655174
149,1770,18.91304347826087
149,1778,155.7103448275862
149,1878,63.979166666666664
149,1885,287.05555555555554
149,1902,17.41891891891892
149,1962,98.30344827586207
149,1971,195.62937062937064
149,1993,240.35416666666666
149,2126,29.974137931034484
149,2139,31.68595041322314
149,2290,413.48275862068965
149,2304,44.14912280701754
149,2306,32.48148148148148
149,2322,95.13888888888889
149,2444,45.7319587628866
149,2490,189.99159663865547
149,2492,38.71641791044776
149,2539,77.78169014084507
149,2569,211.34920634920636
149,2577,30.444444444444443
149,2581,104.5104895104895
149,2631,91.02758620689656
149,2640,81.16083916083916
149,2664,169.95348837209303
149,2704,56.956204379562045
149,2707,188.81379310344826
149,2760,45.5703125
149,2826,146.9241379310345
149,2867,35.27777777777778
152,1062,247.46206896551723
152,1109,675.5103448275862
152,1207,96.58041958041959
152,1216,54.02173913043478
152,1230,70.88571428571429
152,1247,34.144067796610166
152,1248,93.26086956521739
152,1445,89.50393700787401
152,1525,100.74193548387096
152,1543,93.59722222222223
152,1558,110.90972222222223
152,1571,97.76470588235294
152,1727,363.1448275862069
152,1754,544.0275862068966
152,1770,30.66386554621849
152,1778,133.11805555555554
152,1878,254.90344827586208
152,1885,375.7793103448276
152,1902,28.252336448598133
152,1962,193.0
152,1971,470.6896551724138
152,1993,331.42758620689654
152,2104,57.2875
152,2126,67.94160583941606
152,2139,31.615384615384617
152,2290,944.9931034482759
152,2304,77.72463768115942
152,2306,62.93283582089552
152,2322,80.60283687943263
152,2444,84.2089552238806
152,2490,157.95726495726495
152,2492,68.45714285714286
152,2539,113.01515151515152
152,2569,397.46875
152,2577,117.84137931034483
152,2581,161.01379310344828
152,2631,104.47142857142858
152,2640,280.5931034482759
152,2664,401.6060606060606
152,2704,183.57575757575756
152,2707,216.35862068965517
152,2760,140.2394366197183
152,2826,407.5931034482759
152,2867,84.22222222222223
152,2956,83.0
153,1062,406.15862068965515
153,1109,653.8
153,1198,151.6083916083916
153,1207,101.375
153,1216,48.89473684210526
153,1230,122.42028985507247
153,1247,21.328767123287673
153,1248,81.30147058823529
153,1311,208.50344827586207
153,1438,55.267605633802816
153,1445,68.39166666666667
153,1525,194.1103448275862
153,1543,83.26573426573427
153,1558,116.42657342657343
153,1571,82.125
153,1727,473.0344827586207
153,1754,757.0896551724138
153,1770,24.475728155339805
153,1778,292.70344827586206
153,1803,209.69655172413792
153,1847,37.64912280701754
153,1878,107.84027777777777
153,1885,675.5379310344828
153,1902,27.585585585585587
153,1962,222.8
153,1971,501.8
153,1993,465.5793103448276
153,2126,56.19548872180451
153,2139,41.46456692913386
153,2290,922.2620689655172
153,2304,64.01459854014598
153,2306,59.59349593495935
153,2322,117.89928057553956
153,2444,97.62857142857143
153,2490,457.6422764227642
153,2492,75.48175182481752
153,2494,48.70802919708029
153,2539,288.8551724137931
153,2569,303.8487394957983
153,2577,99.7448275862069
153,2581,155.75172413793103
153,2631,102.57638888888889
153,2640,151.51048951048952
153,2664,395.640625
153,2704,141.11267605633802
153,2707,552.951724137931
153,2760,102.77241379310345
153,2826,387.9172413793103
153,2867,64.32558139534883
153,2956,81.49382716049382
157,1062,420.8344827586207
157,1109,423.4
157,1207,182.99310344827586
157,1216,59.86231884057971
157,1230,190.15862068965518
157,1247,23.45679012345679
157,1248,89.6875
157,1445,84.74285714285715
157,1525,46.48039215686274
157,1543,56.59055118110236
157,1558,187.61379310344827
157,1571,95.95348837209302
157,1727,336.00689655172414
157,1754,616.9793103448276
157,1770,23.11340206185567
157,1778,127.32413793103449
157,1878,144.24827586206897
157,1885,2010.9586206896552
157,1902,21.91891891891892
157,1962,251.61379310344827
157,1971,528.9448275862069
157,1993,411.4344827586207
157,2104,69.76543209876543
157,2126,45.738461538461536
157,2139,31.767857142857142
157,2290,739.2137931034483
157,2304,41.375
157,2306,63.7479674796748
157,2322,189.71724137931034
157,2444,76.57857142857142
157,2490,250.01694915254237
157,2492,46.10526315789474
157,2539,115.66896551724138
157,2569,234.86821705426357
157,2581,208.9655172413793
157,2631,88.60283687943263
157,2640,145.59310344827585
157,2664,244.3684210526316
157,2704,59.6875
157,2707,217.77241379310345
157,2760,77.56428571428572
157,2826,328.4513888888889
157,2867,47.35964912280702
157,2956,72.32530120481928
161,1062,129.60416666666666
161,1109,356.55172413793105
161,1207,53.07462686567164
161,1216,33.957264957264954
161,1230,49.5735294117647
161,1247,24.340425531914892
161,1248,36.041666666666664
161,1445,78.9624060150376
161,1525,118.9103448275862
161,1543,52.72
161,1558,77.88652482269504
161,1571,68.6923076923077
161,1727,227.1793103448276
161,1754,330.5931034482759
161,1770,20.109756097560975
161,1778,92.26206896551724
161,1878,170.55172413793105
161,1885,442.11724137931037
161,1902,20.8625
161,1962,152.75172413793103
161,1971,254.19310344827585
161,1993,374.6758620689655
161,2104,45.71621621621622
161,2126,44.69767441860465
161,2139,23.48
161,2290,544.751724137931
161,2304,40.41346153846154
161,2306,43.1875
161,2322,74.13986013986013
161,2444,55.78333333333333
161,2490,108.35042735042735
161,2492,38.85344827586207
161,2539,144.52631578947367
161,2569,129.7890625
161,2577,92.58741258741259
161,2581,103.81118881118881
161,2631,45.28813559322034
161,2640,205.12413793103448
161,2664,191.5
161,2704,156.55633802816902
161,2707,148.05517241379312
161,2760,126.36805555555556
161,2826,310.848275862069
161,2867,60.16129032258065
162,1062,152.1448275862069
162,1109,98.34027777777777
162,1207,118.09219858156028
162,1216,35.096385542168676
162,1230,151.07142857142858
162,1247,17.0
162,1248,242.5
162,1445,36.4
162,1525,20.175
162,1543,69.5037037037037
162,1558,158.55244755244755
162,1727,199.04861111111111
162,1754,613.9448275862069
162,1770,18.475
162,1778,64.81428571428572
162,1878,59.704918032786885
162,1885,112.06338028169014
162,1902,15.32258064516129
162,1962,177.3793103448276
162,1971,491.4068965517241
162,1993,113.8840579710145
162,2126,30.509615384615383
162,2139,39.12244897959184
162,2290,402.6965517241379
162,2304,49.07377049180328
162,2306,25.362068965517242
162,2322,130.73239436619718
162,2444,35.61904761904762
162,2490,340.04237288135596
162,2492,77.94285714285714
162,2539,75.45762711864407
162,2569,360.9453125
162,2577,16.77777777777778
162,2581,163.32624113475177
162,2631,165.0
162,2640,44.5
162,2664,384.2992125984252
162,2704,29.712962962962962
162,2707,74.15492957746478
162,2760,25.398230088495577
162,2826,100.69655172413793
162,2867,26.11111111111111
174,1062,704.6689655172414
174,1109,978.0551724137931
174,1198,177.95535714285714
174,1207,188.5886524822695
174,1216,68.28169014084507
174,1230,194.88111888111888
174,1247,50.48905109489051
174,1248,131.85314685314685
174,1311,229.58677685950414
174,1438,160.6551724137931
174,1445,193.90277777777777
174,1525,378.6241134751773
174,1543,105.8936170212766
174,1558,211.06206896551726
174,1571,130.6341463414634
174,1727,720.648275862069
174,1754,788.6620689655173
174,1770,35.88695652173913
174,1778,672.2620689655172
174,1803,259.9579831932773
174,1847,102.2605633802817
174,1878,160.02758620689656
174,1885,2143.9724137931034
174,1902,44.737226277372265
174,1962,530.2758620689655
174,1971,655.4620689655172
174,1993,1718.048275862069
174,2104,93.12903225806451
174,2126,85.16546762589928
174,2139,51.62043795620438
174,2290,1255.9103448275862
174,2304,68.58273381294964
174,2306,87.63503649635037
174,2322,355.8263888888889
174,2444,181.1875
174,2490,562.4471544715448
174,2492,66.07971014492753
174,2494,144.64137931034483
174,2539,561.303448275862
174,2569,377.69747899159665
174,2577,144.78620689655173
174,2581,356.951724137931
174,2631,152.2551724137931
174,2640,215.35172413793103
174,2664,446.5
174,2704,288.4428571428571
174,2707,1296.5793103448275
174,2760,212.42068965517242
174,2826,877.2206896551725
174,2867,122.55633802816901
174,2956,94.5
177,1062,450.71724137931034
177,1109,287.57241379310346
177,1207,262.88194444444446
177,1216,32.644067796610166
177,1230,294.4896551724138
177,1247,17.833333333333332
177,1248,53.71875
177,1445,59.544642857142854
177,1525,58.76335877862596
177,1543,38.016949152542374
177,1558,129.85915492957747
177,1571,50.583333333333336
177,1727,307.2
177,1754,392.6275862068965
177,1770,18.929577464788732
177,1778,179.67586206896553
177,1878,106.81379310344828
177,1885,343.1241379310345
177,1902,18.11392405063291
177,1962,153.86713286713288
177,1971,331.92413793103447
177,1993,405.3636363636364
177,2126,43.71774193548387
177,2139,28.081818181818182
177,2290,570.6896551724138
177,2304,31.020408163265305
177,2306,37.34905660377358
177,2322,269.951724137931
177,2444,58.2680412371134
177,2490,272.43220338983053
177,2492,32.7029702970297
177,2539,129.2206896551724
177,2569,451.0079365079365
177,2577,37.31578947368421
177,2581,188.02158273381295
177,2631,63.578947368421055
177,2640,113.63636363636364
177,2664,311.2170542635659
177,2704,74.0
177,2707,342.5931034482759
177,2760,54.883720930232556
177,2826,281.51724137931035
177,2867,40.18840579710145
186,1062,241.55172413793105
186,1109,274.151724137931
186,1207,131.95172413793102
186,1216,46.674418604651166
186,1230,123.20138888888889
186,1247,20.818181818181817
186,1248,59.12213740458015
186,1445,60.764227642276424
186,1525,40.63636363636363
186,1543,57.41525423728814
186,1558,127.75694444444444
186,1571,38.62337662337662
186,1727,168.59310344827585
186,1754,409.5241379310345
186,1770,20.771428571428572
186,1778,104.49655172413793
186,1878,99.06293706293707
186,1885,409.7655172413793
186,1902,19.296875
186,1962,190.02758620689656
186,1971,359.68275862068964
186,1993,334.4
186,2104,28.46969696969697
186,2126,40.030534351145036
186,2139,28.990825688073393
186,2290,555.1862068965518
186,2304,46.309734513274336
186,2306,32.064516129032256
186,2322,152.10416666666666
186,2444,63.47863247863248
186,2490,175.0940170940171
186,2492,47.16279069767442
186,2539,131.10416666666666
186,2569,209.25984251968504
186,2577,53.09090909090909
186,2581,169.61805555555554
186,2631,82.26811594202898
186,2640,128.08965517241379
186,2664,201.12977099236642
186,2704,76.21739130434783
186,2707,206.9241379310345
186,2760,60.3758865248227
186,2826,271.3916083916084
186,2867,37.717171717171716
186,2956,32.4
